Watching for file changes with StatReloader
"GET / HTTP/1.1" 200 10934
Not Found: /apple-touch-icon-precomposed.png
Not Found: /apple-touch-icon.png
Not Found: /favicon.ico
Not Found: /favicon.ico
Not Found: /apple-touch-icon-precomposed.png
"GET /apple-touch-icon-precomposed.png HTTP/1.1" 404 4122
"GET /apple-touch-icon.png HTTP/1.1" 404 4086
"GET /favicon.ico HTTP/1.1" 404 4059
"GET /favicon.ico HTTP/1.1" 404 4059
"GET /apple-touch-icon-precomposed.png HTTP/1.1" 404 4122
Not Found: /apple-touch-icon.png
"GET /apple-touch-icon.png HTTP/1.1" 404 4086
"GET /register/ HTTP/1.1" 200 11928
"POST /register/ HTTP/1.1" 200 12289
"POST /register/ HTTP/1.1" 200 12250
"POST /register/ HTTP/1.1" 302 0
"GET /dashboard/ HTTP/1.1" 200 14846
"GET /dashboard/ HTTP/1.1" 200 14483
"GET /schedule/ HTTP/1.1" 200 10032
"GET /homework/ HTTP/1.1" 200 10230
"GET /grades/ HTTP/1.1" 200 10188
"GET /courses/ HTTP/1.1" 200 9941
"GET /dashboard/ HTTP/1.1" 200 14483
Watching for file changes with StatReloader
"GET / HTTP/1.1" 200 12097
"GET /admin/ HTTP/1.1" 302 0
"GET /admin/login/?next=/admin/ HTTP/1.1" 200 3936
"GET /static/admin/css/base.css HTTP/1.1" 200 21310
"GET /static/admin/css/dark_mode.css HTTP/1.1" 200 2929
"GET /static/admin/js/nav_sidebar.js HTTP/1.1" 304 0
"GET /static/admin/css/nav_sidebar.css HTTP/1.1" 200 2694
"GET /static/admin/css/login.css HTTP/1.1" 200 958
"GET /static/admin/js/theme.js HTTP/1.1" 304 0
"GET /static/admin/css/responsive.css HTTP/1.1" 200 18559
"POST /admin/login/?next=/admin/ HTTP/1.1" 302 0
"GET /admin/ HTTP/1.1" 200 11285
"GET /static/admin/css/dashboard.css HTTP/1.1" 200 441
"GET /static/admin/img/icon-changelink.svg HTTP/1.1" 200 380
"GET /static/admin/img/icon-addlink.svg HTTP/1.1" 200 331
"GET /admin/education/homework/ HTTP/1.1" 200 13383
"GET /static/admin/css/changelists.css HTTP/1.1" 200 6566
"GET /static/admin/js/jquery.init.js HTTP/1.1" 200 347
"GET /static/admin/js/core.js HTTP/1.1" 200 5682
"GET /static/admin/js/admin/RelatedObjectLookups.js HTTP/1.1" 200 8943
"GET /static/admin/js/actions.js HTTP/1.1" 200 7872
"GET /static/admin/js/prepopulate.js HTTP/1.1" 200 1531
"GET /static/admin/js/filters.js HTTP/1.1" 304 0
"GET /admin/jsi18n/ HTTP/1.1" 200 16066
"GET /static/admin/js/urlify.js HTTP/1.1" 200 7887
"GET /static/admin/js/vendor/xregexp/xregexp.js HTTP/1.1" 304 0
"GET /static/admin/img/search.svg HTTP/1.1" 200 458
"GET /static/admin/js/vendor/jquery/jquery.js HTTP/1.1" 200 292458
"GET /static/admin/img/tooltag-add.svg HTTP/1.1" 200 331
- Broken pipe from ('127.0.0.1', 58863)
- Broken pipe from ('127.0.0.1', 58865)
- Broken pipe from ('127.0.0.1', 58862)
- Broken pipe from ('127.0.0.1', 58858)
- Broken pipe from ('127.0.0.1', 58861)
- Broken pipe from ('127.0.0.1', 58864)
Watching for file changes with StatReloader
"GET / HTTP/1.1" 200 12062
"GET /homework/ HTTP/1.1" 200 10195
"GET /grades/ HTTP/1.1" 200 10153
"GET /schedule/ HTTP/1.1" 200 9997
"GET /dashboard/ HTTP/1.1" 200 14413
"GET / HTTP/1.1" 200 12062
"GET /dashboard/ HTTP/1.1" 200 14413
"GET /schedule/ HTTP/1.1" 200 9997
"GET /homework/ HTTP/1.1" 200 10195
- Broken pipe from ('127.0.0.1', 59231)
"GET / HTTP/1.1" 200 12062
"GET /logout/ HTTP/1.1" 302 0
"GET / HTTP/1.1" 200 11282
/Users/khadizh/Desktop/educenter/education/urls.py changed, reloading.
Watching for file changes with StatReloader
/Users/khadizh/Desktop/educenter/education/urls.py changed, reloading.
Watching for file changes with StatReloader
Watching for file changes with StatReloader
"GET / HTTP/1.1" 200 10934
"GET /admin/ HTTP/1.1" 302 0
"GET /admin/login/?next=/admin/ HTTP/1.1" 200 4241
"GET /static/admin/css/nav_sidebar.css HTTP/1.1" 200 2694
"POST /admin/login/?next=/admin/ HTTP/1.1" 302 0
"GET /admin/ HTTP/1.1" 200 11285
"GET /static/admin/css/dashboard.css HTTP/1.1" 200 441
"GET /static/admin/img/icon-addlink.svg HTTP/1.1" 200 331
"GET / HTTP/1.1" 200 12062
Watching for file changes with StatReloader
Watching for file changes with StatReloader
"GET / HTTP/1.1" 200 10934
"GET /admin/ HTTP/1.1" 302 0
"GET /admin/login/?next=/admin/ HTTP/1.1" 200 4241
"POST /admin/login/?next=/admin/ HTTP/1.1" 302 0
"GET /admin/ HTTP/1.1" 200 11285
"GET /admin/education/course/ HTTP/1.1" 200 12574
"GET /static/admin/css/changelists.css HTTP/1.1" 200 6566
"GET /static/admin/js/core.js HTTP/1.1" 200 5682
"GET /static/admin/js/prepopulate.js HTTP/1.1" 200 1531
"GET /static/admin/js/admin/RelatedObjectLookups.js HTTP/1.1" 200 8943
"GET /static/admin/js/vendor/xregexp/xregexp.js HTTP/1.1" 200 232381
"GET /admin/jsi18n/ HTTP/1.1" 200 16066
"GET /static/admin/img/search.svg HTTP/1.1" 200 458
"GET /static/admin/img/tooltag-add.svg HTTP/1.1" 200 331
"GET /admin/education/course/add/ HTTP/1.1" 200 18086
"GET /static/admin/js/prepopulate_init.js HTTP/1.1" 200 586
"GET /static/admin/css/forms.css HTTP/1.1" 200 9090
"GET /static/admin/js/change_form.js HTTP/1.1" 200 606
"GET /static/admin/js/calendar.js HTTP/1.1" 200 8466
"GET /static/admin/js/admin/DateTimeShortcuts.js HTTP/1.1" 200 19319
"GET /static/admin/css/widgets.css HTTP/1.1" 200 11921
"GET /admin/jsi18n/ HTTP/1.1" 200 16066
"GET /static/admin/img/icon-deletelink.svg HTTP/1.1" 200 392
"GET /static/admin/img/icon-viewlink.svg HTTP/1.1" 200 581
"GET /static/admin/img/icon-calendar.svg HTTP/1.1" 200 1086
Not Found: /teachers/
"GET /teachers/ HTTP/1.1" 404 4053
"GET / HTTP/1.1" 200 12062
"GET / HTTP/1.1" 200 12062
Watching for file changes with StatReloader
"GET / HTTP/1.1" 200 12062
"GET /admin/ HTTP/1.1" 200 11285
"GET /admin/education/mentor/ HTTP/1.1" 200 12472
"GET /admin/jsi18n/ HTTP/1.1" 200 16066
"GET /admin/education/mentor/add/ HTTP/1.1" 200 16806
"GET /admin/jsi18n/ HTTP/1.1" 200 16066
"GET /admin/education/course/ HTTP/1.1" 200 12574
"GET /admin/jsi18n/ HTTP/1.1" 200 16066
"GET /admin/education/course/add/ HTTP/1.1" 200 18086
"GET /admin/jsi18n/ HTTP/1.1" 200 16066
Watching for file changes with StatReloader
"GET / HTTP/1.1" 200 10934
"GET /admin/ HTTP/1.1" 302 0
"GET /admin/login/?next=/admin/ HTTP/1.1" 200 4348
"GET /static/admin/css/nav_sidebar.css HTTP/1.1" 200 2810
"GET /static/admin/js/nav_sidebar.js HTTP/1.1" 200 3063
"GET /static/admin/css/dark_mode.css HTTP/1.1" 200 2808
"GET /static/admin/css/login.css HTTP/1.1" 200 951
"GET /static/admin/css/base.css HTTP/1.1" 200 22120
"GET /static/admin/js/theme.js HTTP/1.1" 200 1653
"GET /static/admin/css/responsive.css HTTP/1.1" 200 16565
"POST /admin/login/?next=/admin/ HTTP/1.1" 302 0
Internal Server Error: /admin/
Traceback (most recent call last):
  File "/Users/khadizh/Desktop/educenter/venv/lib/python3.13/site-packages/django/core/handlers/exception.py", line 55, in inner
    response = get_response(request)
  File "/Users/khadizh/Desktop/educenter/venv/lib/python3.13/site-packages/django/core/handlers/base.py", line 220, in _get_response
    response = response.render()
  File "/Users/khadizh/Desktop/educenter/venv/lib/python3.13/site-packages/django/template/response.py", line 114, in render
    self.content = self.rendered_content
                   ^^^^^^^^^^^^^^^^^^^^^
  File "/Users/khadizh/Desktop/educenter/venv/lib/python3.13/site-packages/django/template/response.py", line 90, in rendered_content
    template = self.resolve_template(self.template_name)
  File "/Users/khadizh/Desktop/educenter/venv/lib/python3.13/site-packages/django/template/response.py", line 74, in resolve_template
    return get_template(template, using=self.using)
  File "/Users/khadizh/Desktop/educenter/venv/lib/python3.13/site-packages/django/template/loader.py", line 19, in get_template
    raise TemplateDoesNotExist(template_name, chain=chain)
django.template.exceptions.TemplateDoesNotExist: admin/parent_dashboard.html
"GET /admin/ HTTP/1.1" 500 74199
- Broken pipe from ('127.0.0.1', 55962)
- Broken pipe from ('127.0.0.1', 55960)
Internal Server Error: /admin/
Traceback (most recent call last):
  File "/Users/khadizh/Desktop/educenter/venv/lib/python3.13/site-packages/django/core/handlers/exception.py", line 55, in inner
    response = get_response(request)
  File "/Users/khadizh/Desktop/educenter/venv/lib/python3.13/site-packages/django/core/handlers/base.py", line 220, in _get_response
    response = response.render()
  File "/Users/khadizh/Desktop/educenter/venv/lib/python3.13/site-packages/django/template/response.py", line 114, in render
    self.content = self.rendered_content
                   ^^^^^^^^^^^^^^^^^^^^^
  File "/Users/khadizh/Desktop/educenter/venv/lib/python3.13/site-packages/django/template/response.py", line 90, in rendered_content
    template = self.resolve_template(self.template_name)
  File "/Users/khadizh/Desktop/educenter/venv/lib/python3.13/site-packages/django/template/response.py", line 74, in resolve_template
    return get_template(template, using=self.using)
  File "/Users/khadizh/Desktop/educenter/venv/lib/python3.13/site-packages/django/template/loader.py", line 19, in get_template
    raise TemplateDoesNotExist(template_name, chain=chain)
django.template.exceptions.TemplateDoesNotExist: admin/parent_dashboard.html
"GET /admin/ HTTP/1.1" 500 74023
"GET / HTTP/1.1" 200 12062
"GET /dashboard/ HTTP/1.1" 200 14413
Not Found: /\u0444\u0432\u044c\u0448\u0442
"GET /%D1%84%D0%B2%D1%8C%D1%88%D1%82 HTTP/1.1" 404 5120
Internal Server Error: /admin/
Traceback (most recent call last):
  File "/Users/khadizh/Desktop/educenter/venv/lib/python3.13/site-packages/django/core/handlers/exception.py", line 55, in inner
    response = get_response(request)
  File "/Users/khadizh/Desktop/educenter/venv/lib/python3.13/site-packages/django/core/handlers/base.py", line 220, in _get_response
    response = response.render()
  File "/Users/khadizh/Desktop/educenter/venv/lib/python3.13/site-packages/django/template/response.py", line 114, in render
    self.content = self.rendered_content
                   ^^^^^^^^^^^^^^^^^^^^^
  File "/Users/khadizh/Desktop/educenter/venv/lib/python3.13/site-packages/django/template/response.py", line 90, in rendered_content
    template = self.resolve_template(self.template_name)
  File "/Users/khadizh/Desktop/educenter/venv/lib/python3.13/site-packages/django/template/response.py", line 74, in resolve_template
    return get_template(template, using=self.using)
  File "/Users/khadizh/Desktop/educenter/venv/lib/python3.13/site-packages/django/template/loader.py", line 19, in get_template
    raise TemplateDoesNotExist(template_name, chain=chain)
django.template.exceptions.TemplateDoesNotExist: admin/parent_dashboard.html
"GET /admin/ HTTP/1.1" 500 74023
Watching for file changes with StatReloader
"GET / HTTP/1.1" 200 12062
"GET /dashboard/ HTTP/1.1" 200 14413
"GET /schedule/ HTTP/1.1" 200 9997
"GET /dashboard/ HTTP/1.1" 200 14413
"GET /homework/ HTTP/1.1" 200 10195
"GET /grades/ HTTP/1.1" 200 10153
"GET /courses/ HTTP/1.1" 200 9906
Internal Server Error: /admin/
Traceback (most recent call last):
  File "/Users/khadizh/Desktop/educenter/venv/lib/python3.13/site-packages/django/core/handlers/exception.py", line 55, in inner
    response = get_response(request)
  File "/Users/khadizh/Desktop/educenter/venv/lib/python3.13/site-packages/django/core/handlers/base.py", line 220, in _get_response
    response = response.render()
  File "/Users/khadizh/Desktop/educenter/venv/lib/python3.13/site-packages/django/template/response.py", line 114, in render
    self.content = self.rendered_content
                   ^^^^^^^^^^^^^^^^^^^^^
  File "/Users/khadizh/Desktop/educenter/venv/lib/python3.13/site-packages/django/template/response.py", line 90, in rendered_content
    template = self.resolve_template(self.template_name)
  File "/Users/khadizh/Desktop/educenter/venv/lib/python3.13/site-packages/django/template/response.py", line 74, in resolve_template
    return get_template(template, using=self.using)
  File "/Users/khadizh/Desktop/educenter/venv/lib/python3.13/site-packages/django/template/loader.py", line 19, in get_template
    raise TemplateDoesNotExist(template_name, chain=chain)
django.template.exceptions.TemplateDoesNotExist: admin/parent_dashboard.html
"GET /admin/ HTTP/1.1" 500 74402
/Users/khadizh/Desktop/educenter/venv/lib/python3.13/site-packages/django/contrib/admin/sites.py changed, reloading.
Watching for file changes with StatReloader
"GET /admin/ HTTP/1.1" 200 14413
"GET /admin/ HTTP/1.1" 200 14413
Not Found: /apple-touch-icon-precomposed.png
"GET /apple-touch-icon-precomposed.png HTTP/1.1" 404 5166
Not Found: /favicon.ico
"GET /favicon.ico HTTP/1.1" 404 5103
Not Found: /apple-touch-icon.png
"GET /apple-touch-icon.png HTTP/1.1" 404 5130
/Users/khadizh/Desktop/educenter/venv/lib/python3.13/site-packages/django/contrib/admin/sites.py changed, reloading.
Watching for file changes with StatReloader
"GET /admin/ HTTP/1.1" 200 13223
"GET /admin/education/student/add/ HTTP/1.1" 200 21199
"GET /admin/jsi18n/ HTTP/1.1" 200 16820
"GET /static/admin/js/calendar.js HTTP/1.1" 200 9141
"GET /static/admin/js/admin/DateTimeShortcuts.js HTTP/1.1" 200 19319
"GET /static/admin/js/jquery.init.js HTTP/1.1" 200 347
"GET /static/admin/js/core.js HTTP/1.1" 200 6208
"GET /static/admin/js/admin/RelatedObjectLookups.js HTTP/1.1" 200 9777
"GET /static/admin/js/actions.js HTTP/1.1" 200 8076
"GET /static/admin/js/urlify.js HTTP/1.1" 200 7887
"GET /static/admin/js/prepopulate.js HTTP/1.1" 200 1531
"GET /static/admin/js/change_form.js HTTP/1.1" 200 606
"GET /static/admin/img/icon-changelink.svg HTTP/1.1" 200 380
"GET /static/admin/js/prepopulate_init.js HTTP/1.1" 200 586
"GET /static/admin/css/forms.css HTTP/1.1" 200 8525
"GET /static/admin/js/vendor/jquery/jquery.js HTTP/1.1" 200 285314
"GET /static/admin/js/vendor/xregexp/xregexp.js HTTP/1.1" 200 325171
"GET /static/admin/img/icon-addlink.svg HTTP/1.1" 200 331
"GET /static/admin/css/widgets.css HTTP/1.1" 200 11973
"GET /static/admin/img/icon-viewlink.svg HTTP/1.1" 200 581
"GET /static/admin/img/icon-deletelink.svg HTTP/1.1" 200 392
"GET /static/admin/img/icon-calendar.svg HTTP/1.1" 200 1086
"GET /admin/education/user/ HTTP/1.1" 200 19130
"GET /static/admin/css/changelists.css HTTP/1.1" 200 6878
"GET /static/admin/js/filters.js HTTP/1.1" 200 978
"GET /static/admin/img/icon-yes.svg HTTP/1.1" 200 436
"GET /static/admin/img/search.svg HTTP/1.1" 200 458
"GET /admin/jsi18n/ HTTP/1.1" 200 16820
"GET /static/admin/img/icon-no.svg HTTP/1.1" 200 560
"GET /static/admin/img/tooltag-add.svg HTTP/1.1" 200 331
"GET /static/admin/img/sorting-icons.svg HTTP/1.1" 200 1097
"GET / HTTP/1.1" 200 12062
"GET /logout/ HTTP/1.1" 302 0
"GET / HTTP/1.1" 200 11282
"GET /register/ HTTP/1.1" 200 12050
"GET /admin/ HTTP/1.1" 302 0
"GET /admin/login/?next=/admin/ HTTP/1.1" 200 4348
"POST /admin/login/?next=/admin/ HTTP/1.1" 302 0
"GET /admin/ HTTP/1.1" 200 13223
"GET /admin/education/mentor/add/ HTTP/1.1" 200 19329
"GET /admin/jsi18n/ HTTP/1.1" 200 16820
"GET /admin/education/user/ HTTP/1.1" 200 19130
"GET /admin/jsi18n/ HTTP/1.1" 200 16820
"GET /admin/education/user/add/ HTTP/1.1" 200 22580
"GET /static/admin/css/unusable_password_field.css HTTP/1.1" 200 663
"GET /static/admin/js/unusable_password_field.js HTTP/1.1" 200 1480
"GET /admin/jsi18n/ HTTP/1.1" 200 16820
"POST /admin/education/user/add/ HTTP/1.1" 302 0
"GET /admin/education/user/3/change/ HTTP/1.1" 200 37267
"GET /admin/jsi18n/ HTTP/1.1" 200 16820
"GET /static/admin/js/SelectBox.js HTTP/1.1" 200 4530
"GET /static/admin/js/SelectFilter2.js HTTP/1.1" 200 15845
"GET /static/admin/img/selector-icons.svg HTTP/1.1" 200 3291
"GET /static/admin/img/icon-clock.svg HTTP/1.1" 200 677
"GET /admin/education/mentor/ HTTP/1.1" 200 15260
"GET /admin/jsi18n/ HTTP/1.1" 200 16820
"GET /admin/education/mentor/add/ HTTP/1.1" 200 19398
"GET /admin/jsi18n/ HTTP/1.1" 200 16820
"POST /admin/education/mentor/add/ HTTP/1.1" 302 0
"GET /admin/education/mentor/ HTTP/1.1" 200 18076
"GET /admin/jsi18n/ HTTP/1.1" 200 16820
"GET /admin/education/user/ HTTP/1.1" 200 19744
"GET /admin/jsi18n/ HTTP/1.1" 200 16820
"GET / HTTP/1.1" 200 12062
"GET /logout/ HTTP/1.1" 302 0
"GET / HTTP/1.1" 200 11282
"GET /register/ HTTP/1.1" 200 12050
"POST /register/ HTTP/1.1" 200 12617
"POST /register/ HTTP/1.1" 302 0
"GET /dashboard/ HTTP/1.1" 302 0
"GET / HTTP/1.1" 200 12753
"GET /dashboard/ HTTP/1.1" 302 0
"GET / HTTP/1.1" 200 12460
Internal Server Error: /schedule/
Traceback (most recent call last):
  File "/Users/khadizh/Desktop/educenter/venv/lib/python3.13/site-packages/django/core/handlers/exception.py", line 55, in inner
    response = get_response(request)
  File "/Users/khadizh/Desktop/educenter/venv/lib/python3.13/site-packages/django/core/handlers/base.py", line 197, in _get_response
    response = wrapped_callback(request, *callback_args, **callback_kwargs)
  File "/Users/khadizh/Desktop/educenter/venv/lib/python3.13/site-packages/django/contrib/auth/decorators.py", line 59, in _view_wrapper
    return view_func(request, *args, **kwargs)
  File "/Users/khadizh/Desktop/educenter/education/views.py", line 227, in schedule_view
    student = user.student_profile
              ^^^^^^^^^^^^^^^^^^^^
  File "/Users/khadizh/Desktop/educenter/venv/lib/python3.13/site-packages/django/utils/functional.py", line 253, in inner
    return func(_wrapped, *args)
  File "/Users/khadizh/Desktop/educenter/venv/lib/python3.13/site-packages/django/db/models/fields/related_descriptors.py", line 534, in __get__
    raise self.RelatedObjectDoesNotExist(
    ...<2 lines>...
    )
education.models.User.student_profile.RelatedObjectDoesNotExist: User has no student_profile.
"GET /schedule/ HTTP/1.1" 500 73926
Internal Server Error: /homework/
Traceback (most recent call last):
  File "/Users/khadizh/Desktop/educenter/venv/lib/python3.13/site-packages/django/core/handlers/exception.py", line 55, in inner
    response = get_response(request)
  File "/Users/khadizh/Desktop/educenter/venv/lib/python3.13/site-packages/django/core/handlers/base.py", line 197, in _get_response
    response = wrapped_callback(request, *callback_args, **callback_kwargs)
  File "/Users/khadizh/Desktop/educenter/venv/lib/python3.13/site-packages/django/contrib/auth/decorators.py", line 59, in _view_wrapper
    return view_func(request, *args, **kwargs)
  File "/Users/khadizh/Desktop/educenter/education/views.py", line 262, in homework_list
    student = user.student_profile
              ^^^^^^^^^^^^^^^^^^^^
  File "/Users/khadizh/Desktop/educenter/venv/lib/python3.13/site-packages/django/utils/functional.py", line 253, in inner
    return func(_wrapped, *args)
  File "/Users/khadizh/Desktop/educenter/venv/lib/python3.13/site-packages/django/db/models/fields/related_descriptors.py", line 534, in __get__
    raise self.RelatedObjectDoesNotExist(
    ...<2 lines>...
    )
education.models.User.student_profile.RelatedObjectDoesNotExist: User has no student_profile.
"GET /homework/ HTTP/1.1" 500 73937
"GET /admin/ HTTP/1.1" 302 0
"GET /admin/login/?next=/admin/ HTTP/1.1" 200 3918
"POST /admin/login/?next=/admin/ HTTP/1.1" 302 0
"GET /admin/ HTTP/1.1" 200 13223
"GET /admin/education/course/add/ HTTP/1.1" 200 20719
"GET /admin/jsi18n/ HTTP/1.1" 200 16820
"POST /admin/education/course/add/ HTTP/1.1" 302 0
"GET /admin/education/course/ HTTP/1.1" 200 19027
"GET /admin/jsi18n/ HTTP/1.1" 200 16820
"GET / HTTP/1.1" 200 12062
"GET /courses/ HTTP/1.1" 200 11682
"GET /schedule/ HTTP/1.1" 200 9997
"GET /admin/ HTTP/1.1" 200 13223
"GET /admin/education/course/add/ HTTP/1.1" 200 20719
"GET /admin/jsi18n/ HTTP/1.1" 200 16820
"GET /admin/education/mentor/ HTTP/1.1" 200 17811
"GET /admin/jsi18n/ HTTP/1.1" 200 16820
"GET /admin/education/mentor/add/ HTTP/1.1" 200 19484
"GET /admin/jsi18n/ HTTP/1.1" 200 16820
"GET /admin/education/user/ HTTP/1.1" 200 20395
"GET /admin/jsi18n/ HTTP/1.1" 200 16820
"GET /admin/education/user/add/ HTTP/1.1" 200 22580
"GET /admin/jsi18n/ HTTP/1.1" 200 16820
"GET /admin/education/user/add/ HTTP/1.1" 200 22580
"GET /admin/jsi18n/ HTTP/1.1" 200 16820
"POST /admin/education/user/add/ HTTP/1.1" 302 0
"GET /admin/education/user/5/change/ HTTP/1.1" 200 37301
"GET /admin/jsi18n/ HTTP/1.1" 200 16820
"GET /admin/education/mentor/ HTTP/1.1" 200 17811
"GET /admin/jsi18n/ HTTP/1.1" 200 16820
"GET /admin/education/mentor/add/ HTTP/1.1" 200 19559
"GET /admin/jsi18n/ HTTP/1.1" 200 16820
"POST /admin/education/mentor/add/ HTTP/1.1" 302 0
"GET /admin/education/mentor/ HTTP/1.1" 200 18762
"GET /admin/jsi18n/ HTTP/1.1" 200 16820
"GET /admin/education/course/ HTTP/1.1" 200 18913
"GET /admin/jsi18n/ HTTP/1.1" 200 16820
"GET /admin/education/course/add/ HTTP/1.1" 200 20803
"GET /admin/jsi18n/ HTTP/1.1" 200 16820
"POST /admin/education/course/add/ HTTP/1.1" 302 0
"GET /admin/education/course/ HTTP/1.1" 200 19931
"GET /admin/jsi18n/ HTTP/1.1" 200 16820
"GET /admin/education/student/ HTTP/1.1" 200 15601
"GET /admin/jsi18n/ HTTP/1.1" 200 16820
"GET /admin/education/student/add/ HTTP/1.1" 200 21429
"GET /admin/jsi18n/ HTTP/1.1" 200 16820
"POST /admin/education/student/add/ HTTP/1.1" 302 0
"GET /admin/education/student/ HTTP/1.1" 200 18553
"GET /admin/jsi18n/ HTTP/1.1" 200 16820
"GET / HTTP/1.1" 200 12062
"GET /logout/ HTTP/1.1" 302 0
"GET / HTTP/1.1" 200 11282
"GET /login/ HTTP/1.1" 200 9967
"POST /login/ HTTP/1.1" 302 0
Internal Server Error: /dashboard/
Traceback (most recent call last):
  File "/Users/khadizh/Desktop/educenter/venv/lib/python3.13/site-packages/django/core/handlers/exception.py", line 55, in inner
    response = get_response(request)
  File "/Users/khadizh/Desktop/educenter/venv/lib/python3.13/site-packages/django/core/handlers/base.py", line 197, in _get_response
    response = wrapped_callback(request, *callback_args, **callback_kwargs)
  File "/Users/khadizh/Desktop/educenter/venv/lib/python3.13/site-packages/django/contrib/auth/decorators.py", line 59, in _view_wrapper
    return view_func(request, *args, **kwargs)
  File "/Users/khadizh/Desktop/educenter/education/views.py", line 81, in dashboard
    return student_dashboard(request)
  File "/Users/khadizh/Desktop/educenter/venv/lib/python3.13/site-packages/django/contrib/auth/decorators.py", line 59, in _view_wrapper
    return view_func(request, *args, **kwargs)
  File "/Users/khadizh/Desktop/educenter/education/views.py", line 210, in student_dashboard
    return render(request, 'student_dashboard.html', context)
  File "/Users/khadizh/Desktop/educenter/venv/lib/python3.13/site-packages/django/shortcuts.py", line 25, in render
    content = loader.render_to_string(template_name, context, request, using=using)
  File "/Users/khadizh/Desktop/educenter/venv/lib/python3.13/site-packages/django/template/loader.py", line 61, in render_to_string
    template = get_template(template_name, using=using)
  File "/Users/khadizh/Desktop/educenter/venv/lib/python3.13/site-packages/django/template/loader.py", line 15, in get_template
    return engine.get_template(template_name)
           ~~~~~~~~~~~~~~~~~~~^^^^^^^^^^^^^^^
  File "/Users/khadizh/Desktop/educenter/venv/lib/python3.13/site-packages/django/template/backends/django.py", line 79, in get_template
    return Template(self.engine.get_template(template_name), self)
                    ~~~~~~~~~~~~~~~~~~~~~~~~^^^^^^^^^^^^^^^
  File "/Users/khadizh/Desktop/educenter/venv/lib/python3.13/site-packages/django/template/engine.py", line 177, in get_template
    template, origin = self.find_template(template_name)
                       ~~~~~~~~~~~~~~~~~~^^^^^^^^^^^^^^^
  File "/Users/khadizh/Desktop/educenter/venv/lib/python3.13/site-packages/django/template/engine.py", line 159, in find_template
    template = loader.get_template(name, skip=skip)
  File "/Users/khadizh/Desktop/educenter/venv/lib/python3.13/site-packages/django/template/loaders/cached.py", line 57, in get_template
    template = super().get_template(template_name, skip)
  File "/Users/khadizh/Desktop/educenter/venv/lib/python3.13/site-packages/django/template/loaders/base.py", line 28, in get_template
    return Template(
        contents,
    ...<2 lines>...
        self.engine,
    )
  File "/Users/khadizh/Desktop/educenter/venv/lib/python3.13/site-packages/django/template/base.py", line 154, in __init__
    self.nodelist = self.compile_nodelist()
                    ~~~~~~~~~~~~~~~~~~~~~^^
  File "/Users/khadizh/Desktop/educenter/venv/lib/python3.13/site-packages/django/template/base.py", line 196, in compile_nodelist
    nodelist = parser.parse()
  File "/Users/khadizh/Desktop/educenter/venv/lib/python3.13/site-packages/django/template/base.py", line 518, in parse
    raise self.error(token, e)
  File "/Users/khadizh/Desktop/educenter/venv/lib/python3.13/site-packages/django/template/base.py", line 516, in parse
    compiled_result = compile_func(self, token)
  File "/Users/khadizh/Desktop/educenter/venv/lib/python3.13/site-packages/django/template/loader_tags.py", line 299, in do_extends
    nodelist = parser.parse()
  File "/Users/khadizh/Desktop/educenter/venv/lib/python3.13/site-packages/django/template/base.py", line 518, in parse
    raise self.error(token, e)
  File "/Users/khadizh/Desktop/educenter/venv/lib/python3.13/site-packages/django/template/base.py", line 516, in parse
    compiled_result = compile_func(self, token)
  File "/Users/khadizh/Desktop/educenter/venv/lib/python3.13/site-packages/django/template/loader_tags.py", line 234, in do_block
    nodelist = parser.parse(("endblock",))
  File "/Users/khadizh/Desktop/educenter/venv/lib/python3.13/site-packages/django/template/base.py", line 518, in parse
    raise self.error(token, e)
  File "/Users/khadizh/Desktop/educenter/venv/lib/python3.13/site-packages/django/template/base.py", line 516, in parse
    compiled_result = compile_func(self, token)
  File "/Users/khadizh/Desktop/educenter/venv/lib/python3.13/site-packages/django/template/defaulttags.py", line 962, in do_if
    nodelist = parser.parse(("elif", "else", "endif"))
  File "/Users/khadizh/Desktop/educenter/venv/lib/python3.13/site-packages/django/template/base.py", line 489, in parse
    raise self.error(token, e)
  File "/Users/khadizh/Desktop/educenter/venv/lib/python3.13/site-packages/django/template/base.py", line 487, in parse
    filter_expression = self.compile_filter(token.contents)
  File "/Users/khadizh/Desktop/educenter/venv/lib/python3.13/site-packages/django/template/base.py", line 609, in compile_filter
    return FilterExpression(token, self)
  File "/Users/khadizh/Desktop/educenter/venv/lib/python3.13/site-packages/django/template/base.py", line 682, in __init__
    raise TemplateSyntaxError(
    ...<2 lines>...
    )
django.template.exceptions.TemplateSyntaxError: Could not parse some characters: recent_grades|first|.grade||default:"N/A"
"GET /dashboard/ HTTP/1.1" 500 292215
"GET /dashboard/ HTTP/1.1" 200 12968
"GET /schedule/ HTTP/1.1" 200 10037
"GET /homework/ HTTP/1.1" 200 10235
"GET /grades/ HTTP/1.1" 200 10193
"GET /courses/ HTTP/1.1" 200 13816
"GET /courses/1/ HTTP/1.1" 200 13785
"GET /admin/ HTTP/1.1" 302 0
"GET /admin/login/?next=/admin/ HTTP/1.1" 200 3918
"POST /admin/login/?next=/admin/ HTTP/1.1" 302 0
"GET /admin/ HTTP/1.1" 200 13223
"GET /courses/ HTTP/1.1" 200 13776
"GET /grades/ HTTP/1.1" 200 10153
"GET /homework/ HTTP/1.1" 200 10195
"GET /schedule/ HTTP/1.1" 200 9997
"GET /dashboard/ HTTP/1.1" 200 14413
"GET /schedule/ HTTP/1.1" 200 9997
"GET /dashboard/ HTTP/1.1" 200 14413
"GET /schedule/ HTTP/1.1" 200 9997
"GET /schedule/ HTTP/1.1" 200 9997
"GET /dashboard/ HTTP/1.1" 200 14413
"GET /homework/ HTTP/1.1" 200 10195
"GET /grades/ HTTP/1.1" 200 10153
"GET /courses/ HTTP/1.1" 200 13776
"GET /admin/ HTTP/1.1" 200 13223
"GET /admin/education/student/add/ HTTP/1.1" 200 21429
"GET /admin/jsi18n/ HTTP/1.1" 200 16820
"GET /admin/education/enrollment/ HTTP/1.1" 200 15832
"GET /admin/jsi18n/ HTTP/1.1" 200 16820
"GET /admin/education/enrollment/add/ HTTP/1.1" 200 18294
"GET /admin/jsi18n/ HTTP/1.1" 200 16820
"POST /admin/education/enrollment/add/ HTTP/1.1" 302 0
"GET /admin/education/enrollment/ HTTP/1.1" 200 18615
"GET /admin/jsi18n/ HTTP/1.1" 200 16820
"GET /admin/education/lesson/ HTTP/1.1" 200 15662
"GET /admin/jsi18n/ HTTP/1.1" 200 16820
"GET /admin/education/lesson/add/ HTTP/1.1" 200 20925
"GET /admin/jsi18n/ HTTP/1.1" 200 16820
"POST /admin/education/lesson/add/ HTTP/1.1" 200 21329
"GET /admin/jsi18n/ HTTP/1.1" 200 16820
"POST /admin/education/lesson/add/ HTTP/1.1" 302 0
"GET /admin/education/lesson/ HTTP/1.1" 200 19761
"GET /admin/jsi18n/ HTTP/1.1" 200 16820
"GET / HTTP/1.1" 200 12062
"GET /logout/ HTTP/1.1" 302 0
"GET / HTTP/1.1" 200 11282
"GET /login/ HTTP/1.1" 200 9967
"POST /login/ HTTP/1.1" 302 0
"GET /dashboard/ HTTP/1.1" 200 13398
"GET /dashboard/ HTTP/1.1" 200 13037
"GET /schedule/ HTTP/1.1" 200 10037
"GET /homework/ HTTP/1.1" 200 10235
"GET /grades/ HTTP/1.1" 200 10193
"GET /courses/ HTTP/1.1" 200 13816
/Users/khadizh/Desktop/educenter/education/models.py changed, reloading.
Watching for file changes with StatReloader
Watching for file changes with StatReloader
"GET / HTTP/1.1" 200 12102
"GET /logout/ HTTP/1.1" 302 0
"GET / HTTP/1.1" 200 11282
"GET /admin/ HTTP/1.1" 302 0
"GET /admin/login/?next=/admin/ HTTP/1.1" 200 4348
"POST /admin/login/?next=/admin/ HTTP/1.1" 302 0
"GET /admin/ HTTP/1.1" 200 13223
"GET /admin/education/mentor/add/ HTTP/1.1" 200 27628
"GET /admin/jsi18n/ HTTP/1.1" 200 16820
"GET /admin/education/mentor/ HTTP/1.1" 200 24933
"GET /admin/jsi18n/ HTTP/1.1" 200 16820
"GET /admin/education/mentor/3/change/ HTTP/1.1" 200 28382
"GET /admin/jsi18n/ HTTP/1.1" 200 16820
"GET /admin/education/user/ HTTP/1.1" 200 79878
"GET /admin/jsi18n/ HTTP/1.1" 200 16820
Watching for file changes with StatReloader
"GET / HTTP/1.1" 200 12062
"GET /admin/ HTTP/1.1" 200 13223
"GET /admin/education/mentor/add/ HTTP/1.1" 200 20186
"GET /admin/jsi18n/ HTTP/1.1" 200 16820
"GET /admin/education/user/ HTTP/1.1" 200 21025
"GET /admin/jsi18n/ HTTP/1.1" 200 16820
"GET /admin/education/enrollment/ HTTP/1.1" 200 15510
"GET /admin/jsi18n/ HTTP/1.1" 200 16820
"GET /admin/education/lesson/ HTTP/1.1" 200 15340
"GET /admin/jsi18n/ HTTP/1.1" 200 16820
"GET /admin/education/homework/ HTTP/1.1" 200 16171
"GET /admin/jsi18n/ HTTP/1.1" 200 16820
Watching for file changes with StatReloader
"GET / HTTP/1.1" 200 14053
"GET /logout/ HTTP/1.1" 302 0
"GET / HTTP/1.1" 200 13273
"GET /login/ HTTP/1.1" 200 9967
"POST /login/ HTTP/1.1" 302 0
"GET /dashboard/ HTTP/1.1" 200 14844
"GET /admin/ HTTP/1.1" 302 0
"GET /admin/login/?next=/admin/ HTTP/1.1" 200 3923
"POST /admin/login/?next=/admin/ HTTP/1.1" 200 4209
"POST /admin/login/?next=/admin/ HTTP/1.1" 302 0
"GET /admin/ HTTP/1.1" 200 13223
"GET /admin/education/student/add/ HTTP/1.1" 200 23211
"GET /admin/jsi18n/ HTTP/1.1" 200 16820
"POST /admin/education/student/add/ HTTP/1.1" 200 23546
"GET /admin/jsi18n/ HTTP/1.1" 200 16820
"GET /admin/education/mentor/add/ HTTP/1.1" 200 21569
"GET /admin/jsi18n/ HTTP/1.1" 200 16820
"GET /admin/education/mentor/ HTTP/1.1" 200 22979
"GET /admin/jsi18n/ HTTP/1.1" 200 16820
"POST /admin/education/mentor/ HTTP/1.1" 200 14323
"GET /static/admin/js/cancel.js HTTP/1.1" 200 884
"POST /admin/education/mentor/ HTTP/1.1" 302 0
"GET /admin/education/mentor/ HTTP/1.1" 200 21241
"GET /admin/jsi18n/ HTTP/1.1" 200 16820
"GET /admin/education/user/ HTTP/1.1" 200 34120
"GET /admin/jsi18n/ HTTP/1.1" 200 16820
"GET /admin/education/mentor/ HTTP/1.1" 200 21088
"GET /admin/jsi18n/ HTTP/1.1" 200 16820
"GET /admin/education/mentor/add/ HTTP/1.1" 200 21569
"GET /admin/jsi18n/ HTTP/1.1" 200 16820
"POST /admin/education/mentor/add/ HTTP/1.1" 302 0
"GET /admin/education/mentor/ HTTP/1.1" 200 22067
"GET /admin/jsi18n/ HTTP/1.1" 200 16820
"GET /admin/education/mentor/23/change/ HTTP/1.1" 200 22031
"GET /admin/jsi18n/ HTTP/1.1" 200 16820
"GET / HTTP/1.1" 200 14053
"GET /logout/ HTTP/1.1" 302 0
"GET / HTTP/1.1" 200 13273
"GET /login/ HTTP/1.1" 200 9967
"GET /admin/ HTTP/1.1" 302 0
"GET /admin/login/?next=/admin/ HTTP/1.1" 200 4348
"POST /admin/login/?next=/admin/ HTTP/1.1" 302 0
"GET /admin/ HTTP/1.1" 200 13223
"GET /admin/education/mentor/add/ HTTP/1.1" 200 21569
"GET /admin/jsi18n/ HTTP/1.1" 200 16820
"GET /admin/education/user/ HTTP/1.1" 200 34120
"GET /admin/jsi18n/ HTTP/1.1" 200 16820
"GET /admin/education/user/3/change/ HTTP/1.1" 200 36932
"GET /admin/jsi18n/ HTTP/1.1" 200 16820
"GET /admin/education/user/3/password/ HTTP/1.1" 200 15740
"POST /admin/education/user/3/password/ HTTP/1.1" 302 0
"GET /admin/education/user/3/change/ HTTP/1.1" 200 37081
"GET /admin/jsi18n/ HTTP/1.1" 200 16820
"GET / HTTP/1.1" 200 14053
"GET /logout/ HTTP/1.1" 302 0
"GET / HTTP/1.1" 200 13273
"GET /login/ HTTP/1.1" 200 9967
"POST /login/ HTTP/1.1" 302 0
"GET /dashboard/ HTTP/1.1" 200 13179
"GET /admin/education/lesson/add/ HTTP/1.1" 302 0
"GET /admin/login/?next=/admin/education/lesson/add/ HTTP/1.1" 200 3959
"POST /admin/login/?next=/admin/education/lesson/add/ HTTP/1.1" 200 4239
Watching for file changes with StatReloader
"GET / HTTP/1.1" 200 14079
"GET / HTTP/1.1" 200 14079
"GET / HTTP/1.1" 200 14082
"GET / HTTP/1.1" 200 14085
"GET /dashboard/ HTTP/1.1" 200 12824
Watching for file changes with StatReloader
"GET / HTTP/1.1" 200 14085
Not Found: /apple-touch-icon-precomposed.png
Not Found: /apple-touch-icon-precomposed.png
"GET /apple-touch-icon-precomposed.png HTTP/1.1" 404 5166
"GET /apple-touch-icon-precomposed.png HTTP/1.1" 404 5166
Not Found: /apple-touch-icon.png
Not Found: /favicon.ico
"GET /apple-touch-icon.png HTTP/1.1" 404 5130
"GET /favicon.ico HTTP/1.1" 404 5103
Not Found: /apple-touch-icon.png
"GET /apple-touch-icon.png HTTP/1.1" 404 5130
"GET /admin/ HTTP/1.1" 302 0
"GET /admin/login/?next=/admin/ HTTP/1.1" 200 3917
"POST /admin/login/?next=/admin/ HTTP/1.1" 302 0
"GET /admin/ HTTP/1.1" 200 13229
"GET /admin/education/student/add/ HTTP/1.1" 200 23211
"GET /static/admin/css/widgets.css HTTP/1.1" 200 11973
"GET /static/admin/img/icon-addlink.svg HTTP/1.1" 200 331
"GET /admin/jsi18n/ HTTP/1.1" 200 16820
"GET /admin/education/student/ HTTP/1.1" 200 21056
"GET /admin/jsi18n/ HTTP/1.1" 200 16820
"GET /admin/education/mentor/ HTTP/1.1" 200 21810
"GET /admin/jsi18n/ HTTP/1.1" 200 16820
"GET /admin/education/homework/ HTTP/1.1" 200 22102
"GET /admin/jsi18n/ HTTP/1.1" 200 16820
"GET /admin/education/student/ HTTP/1.1" 200 21056
"GET /admin/jsi18n/ HTTP/1.1" 200 16820
"GET /admin/education/homework/ HTTP/1.1" 200 22102
"GET /admin/jsi18n/ HTTP/1.1" 200 16820
"GET /admin/education/homework/80/change/ HTTP/1.1" 200 19486
"GET /admin/jsi18n/ HTTP/1.1" 200 16820
"GET / HTTP/1.1" 200 14062
"GET /logout/ HTTP/1.1" 302 0
"GET / HTTP/1.1" 200 13282
"GET /login/ HTTP/1.1" 200 9973
"POST /login/ HTTP/1.1" 302 0
"GET /dashboard/ HTTP/1.1" 302 0
"GET / HTTP/1.1" 200 14751
Internal Server Error: /homework/
Traceback (most recent call last):
  File "/Users/khadizh/Desktop/educenter/venv/lib/python3.13/site-packages/django/core/handlers/exception.py", line 55, in inner
    response = get_response(request)
  File "/Users/khadizh/Desktop/educenter/venv/lib/python3.13/site-packages/django/core/handlers/base.py", line 197, in _get_response
    response = wrapped_callback(request, *callback_args, **callback_kwargs)
  File "/Users/khadizh/Desktop/educenter/venv/lib/python3.13/site-packages/django/contrib/auth/decorators.py", line 59, in _view_wrapper
    return view_func(request, *args, **kwargs)
  File "/Users/khadizh/Desktop/educenter/education/views.py", line 262, in homework_list
    student = user.student_profile
              ^^^^^^^^^^^^^^^^^^^^
  File "/Users/khadizh/Desktop/educenter/venv/lib/python3.13/site-packages/django/utils/functional.py", line 253, in inner
    return func(_wrapped, *args)
  File "/Users/khadizh/Desktop/educenter/venv/lib/python3.13/site-packages/django/db/models/fields/related_descriptors.py", line 534, in __get__
    raise self.RelatedObjectDoesNotExist(
    ...<2 lines>...
    )
education.models.User.student_profile.RelatedObjectDoesNotExist: User has no student_profile.
"GET /homework/ HTTP/1.1" 500 73937
"GET /admin/ HTTP/1.1" 302 0
"GET /admin/login/?next=/admin/ HTTP/1.1" 200 3918
"POST /admin/login/?next=/admin/ HTTP/1.1" 302 0
"GET /admin/ HTTP/1.1" 200 13229
"GET /homework/ HTTP/1.1" 200 10201
"GET /dashboard/ HTTP/1.1" 200 14419
"GET /logout/ HTTP/1.1" 302 0
"GET / HTTP/1.1" 200 13282
"GET /login/ HTTP/1.1" 200 9973
"POST /login/ HTTP/1.1" 302 0
"GET /dashboard/ HTTP/1.1" 200 14850
"GET /logout/ HTTP/1.1" 302 0
"GET / HTTP/1.1" 200 13282
"GET /login/ HTTP/1.1" 200 9973
"POST /login/ HTTP/1.1" 200 10352
"POST /login/ HTTP/1.1" 200 10352
"POST /login/ HTTP/1.1" 302 0
"GET /dashboard/ HTTP/1.1" 200 14850
"GET /homework/ HTTP/1.1" 200 10236
"GET /schedule/ HTTP/1.1" 200 10038
"GET /dashboard/ HTTP/1.1" 200 14489
"GET /grades/ HTTP/1.1" 200 10194
"GET /courses/ HTTP/1.1" 200 21671
"GET /courses/27/ HTTP/1.1" 200 15507
Watching for file changes with StatReloader
"GET / HTTP/1.1" 200 12934
"GET /login/ HTTP/1.1" 200 9973
"POST /login/ HTTP/1.1" 302 0
"GET /dashboard/ HTTP/1.1" 200 14850
"GET /admin/ HTTP/1.1" 302 0
"GET /admin/login/?next=/admin/ HTTP/1.1" 200 3923
"GET /static/admin/css/nav_sidebar.css HTTP/1.1" 200 2810
"GET /static/admin/css/login.css HTTP/1.1" 200 951
"GET /static/admin/css/dark_mode.css HTTP/1.1" 304 0
"GET /static/admin/css/base.css HTTP/1.1" 304 0
"GET /static/admin/js/theme.js HTTP/1.1" 304 0
"GET /static/admin/js/nav_sidebar.js HTTP/1.1" 304 0
"GET /static/admin/css/responsive.css HTTP/1.1" 200 16565
"POST /admin/login/?next=/admin/ HTTP/1.1" 302 0
"GET /admin/ HTTP/1.1" 200 13229
"GET /admin/education/student/add/ HTTP/1.1" 200 23211
"GET /static/admin/js/core.js HTTP/1.1" 200 6208
"GET /static/admin/js/jquery.init.js HTTP/1.1" 200 347
"GET /static/admin/js/change_form.js HTTP/1.1" 200 606
"GET /static/admin/js/prepopulate.js HTTP/1.1" 200 1531
"GET /static/admin/css/forms.css HTTP/1.1" 304 0
"GET /static/admin/js/actions.js HTTP/1.1" 304 0
"GET /static/admin/js/prepopulate_init.js HTTP/1.1" 200 586
"GET /static/admin/js/admin/DateTimeShortcuts.js HTTP/1.1" 304 0
"GET /static/admin/js/admin/RelatedObjectLookups.js HTTP/1.1" 304 0
"GET /static/admin/js/urlify.js HTTP/1.1" 304 0
"GET /static/admin/js/calendar.js HTTP/1.1" 304 0
"GET /static/admin/img/icon-changelink.svg HTTP/1.1" 304 0
"GET /admin/jsi18n/ HTTP/1.1" 200 16820
"GET /static/admin/js/vendor/jquery/jquery.js HTTP/1.1" 304 0
"GET /static/admin/css/widgets.css HTTP/1.1" 304 0
"GET /static/admin/js/vendor/xregexp/xregexp.js HTTP/1.1" 200 325171
"GET /static/admin/img/icon-addlink.svg HTTP/1.1" 200 331
"GET /static/admin/img/icon-viewlink.svg HTTP/1.1" 200 581
"GET /static/admin/img/icon-deletelink.svg HTTP/1.1" 200 392
"GET /static/admin/img/icon-calendar.svg HTTP/1.1" 304 0
"GET /admin/education/user/ HTTP/1.1" 200 34120
"GET /static/admin/css/changelists.css HTTP/1.1" 304 0
"GET /static/admin/js/filters.js HTTP/1.1" 304 0
"GET /static/admin/img/search.svg HTTP/1.1" 304 0
"GET /static/admin/img/icon-no.svg HTTP/1.1" 304 0
"GET /admin/jsi18n/ HTTP/1.1" 200 16820
"GET /static/admin/img/icon-yes.svg HTTP/1.1" 200 436
"GET /static/admin/img/sorting-icons.svg HTTP/1.1" 304 0
"GET /static/admin/img/tooltag-add.svg HTTP/1.1" 200 331
"GET /admin/education/user/103/change/ HTTP/1.1" 200 36724
"GET /static/admin/js/SelectBox.js HTTP/1.1" 200 4530
"GET /static/admin/js/SelectFilter2.js HTTP/1.1" 200 15845
"GET /admin/jsi18n/ HTTP/1.1" 200 16820
"GET /static/admin/img/selector-icons.svg HTTP/1.1" 304 0
"GET /static/admin/img/icon-clock.svg HTTP/1.1" 200 677
"GET /admin/education/user/1/change/ HTTP/1.1" 200 37048
"GET /admin/jsi18n/ HTTP/1.1" 200 16820
"GET /admin/education/user/ HTTP/1.1" 200 34120
"GET /admin/jsi18n/ HTTP/1.1" 200 16820
"GET /admin/education/user/4/change/ HTTP/1.1" 200 37039
"GET /admin/jsi18n/ HTTP/1.1" 200 16820
"GET /admin/education/grade/ HTTP/1.1" 200 15754
"GET /admin/jsi18n/ HTTP/1.1" 200 16820
"GET /admin/education/student/ HTTP/1.1" 200 21056
"GET /admin/jsi18n/ HTTP/1.1" 200 16820
"GET /admin/education/student/add/ HTTP/1.1" 200 23211
"GET /admin/jsi18n/ HTTP/1.1" 200 16820
"POST /admin/education/student/add/ HTTP/1.1" 302 0
"GET /admin/education/student/ HTTP/1.1" 200 22158
"GET /admin/jsi18n/ HTTP/1.1" 200 16820
"GET / HTTP/1.1" 200 14062
"GET /logout/ HTTP/1.1" 302 0
"GET / HTTP/1.1" 200 13282
"GET /login/ HTTP/1.1" 200 9973
"POST /login/ HTTP/1.1" 302 0
"GET /dashboard/ HTTP/1.1" 200 16491
"GET /admin/ HTTP/1.1" 302 0
"GET /admin/login/?next=/admin/ HTTP/1.1" 200 3923
"POST /admin/login/?next=/admin/ HTTP/1.1" 302 0
"GET /admin/ HTTP/1.1" 200 13229
"GET /admin/education/student/add/ HTTP/1.1" 200 23211
"GET /admin/jsi18n/ HTTP/1.1" 200 16820
"GET /admin/education/schedule/ HTTP/1.1" 200 21132
"GET /admin/jsi18n/ HTTP/1.1" 200 16820
"GET /admin/education/enrollment/ HTTP/1.1" 200 21053
"GET /admin/jsi18n/ HTTP/1.1" 200 16820
"GET /admin/education/enrollment/add/ HTTP/1.1" 200 18758
"GET /admin/jsi18n/ HTTP/1.1" 200 16820
"POST /admin/education/enrollment/add/ HTTP/1.1" 302 0
"GET /admin/education/enrollment/ HTTP/1.1" 200 22088
"GET /admin/jsi18n/ HTTP/1.1" 200 16820
"GET /admin/education/lesson/ HTTP/1.1" 200 22867
"GET /admin/jsi18n/ HTTP/1.1" 200 16820
"GET /admin/education/lesson/add/ HTTP/1.1" 200 21093
"GET /admin/jsi18n/ HTTP/1.1" 200 16820
"GET / HTTP/1.1" 200 14062
"GET /logout/ HTTP/1.1" 302 0
"GET / HTTP/1.1" 200 13282
"GET /login/ HTTP/1.1" 200 9973
"POST /login/ HTTP/1.1" 302 0
"GET /dashboard/ HTTP/1.1" 200 13398
"GET /logout/ HTTP/1.1" 302 0
"GET / HTTP/1.1" 200 13282
"GET /login/ HTTP/1.1" 200 9973
"POST /login/ HTTP/1.1" 302 0
"GET /dashboard/ HTTP/1.1" 200 16491
"GET /schedule/ HTTP/1.1" 200 12109
Watching for file changes with StatReloader
"GET / HTTP/1.1" 200 12934
Not Found: /favicon.ico
Not Found: /apple-touch-icon-precomposed.png
"GET /favicon.ico HTTP/1.1" 404 5103
"GET /apple-touch-icon-precomposed.png HTTP/1.1" 404 5166
Not Found: /apple-touch-icon.png
"GET /apple-touch-icon.png HTTP/1.1" 404 5130
"GET /login/ HTTP/1.1" 200 9973
"POST /login/ HTTP/1.1" 302 0
"GET /dashboard/ HTTP/1.1" 200 16491
Watching for file changes with StatReloader
"GET / HTTP/1.1" 200 12934
Watching for file changes with StatReloader
"GET / HTTP/1.1" 200 12937
"GET /admin/ HTTP/1.1" 302 0
"GET /admin/login/?next=/admin/ HTTP/1.1" 200 4348
"GET /static/admin/css/base.css HTTP/1.1" 304 0
"GET /static/admin/css/dark_mode.css HTTP/1.1" 304 0
"GET /static/admin/js/theme.js HTTP/1.1" 304 0
"GET /static/admin/css/nav_sidebar.css HTTP/1.1" 304 0
"GET /static/admin/css/login.css HTTP/1.1" 304 0
"GET /static/admin/css/responsive.css HTTP/1.1" 304 0
"GET /static/admin/js/nav_sidebar.js HTTP/1.1" 304 0
"POST /admin/login/?next=/admin/ HTTP/1.1" 302 0
"GET /admin/ HTTP/1.1" 200 13232
"GET /admin/education/student/add/ HTTP/1.1" 200 23211
"GET /static/admin/js/jquery.init.js HTTP/1.1" 304 0
"GET /static/admin/js/vendor/jquery/jquery.js HTTP/1.1" 304 0
"GET /static/admin/css/forms.css HTTP/1.1" 304 0
"GET /static/admin/js/core.js HTTP/1.1" 304 0
"GET /static/admin/js/admin/RelatedObjectLookups.js HTTP/1.1" 304 0
"GET /static/admin/js/actions.js HTTP/1.1" 304 0
"GET /static/admin/js/calendar.js HTTP/1.1" 200 9141
"GET /static/admin/js/prepopulate.js HTTP/1.1" 304 0
"GET /static/admin/js/vendor/xregexp/xregexp.js HTTP/1.1" 304 0
"GET /static/admin/js/admin/DateTimeShortcuts.js HTTP/1.1" 200 19319
"GET /admin/jsi18n/ HTTP/1.1" 200 16820
"GET /static/admin/js/urlify.js HTTP/1.1" 304 0
"GET /static/admin/js/prepopulate_init.js HTTP/1.1" 304 0
"GET /static/admin/img/icon-changelink.svg HTTP/1.1" 304 0
"GET /static/admin/js/change_form.js HTTP/1.1" 304 0
"GET /static/admin/img/icon-addlink.svg HTTP/1.1" 304 0
"GET /static/admin/img/icon-viewlink.svg HTTP/1.1" 304 0
"GET /static/admin/css/widgets.css HTTP/1.1" 304 0
"GET /static/admin/img/icon-deletelink.svg HTTP/1.1" 200 392
"GET /static/admin/img/icon-calendar.svg HTTP/1.1" 200 1086
"GET /logout/ HTTP/1.1" 302 0
"GET / HTTP/1.1" 200 13285
"GET /login/ HTTP/1.1" 200 9976
"POST /login/ HTTP/1.1" 302 0
"GET /dashboard/ HTTP/1.1" 200 16494
Watching for file changes with StatReloader
"GET / HTTP/1.1" 200 12937
Not Found: /apple-touch-icon-precomposed.png
Not Found: /favicon.ico
Not Found: /apple-touch-icon-precomposed.png
Not Found: /apple-touch-icon.png
"GET /apple-touch-icon-precomposed.png HTTP/1.1" 404 5166
Not Found: /favicon.ico
"GET /favicon.ico HTTP/1.1" 404 5103
"GET /favicon.ico HTTP/1.1" 404 5103
"GET /apple-touch-icon-precomposed.png HTTP/1.1" 404 5166
"GET /apple-touch-icon.png HTTP/1.1" 404 5130
Not Found: /apple-touch-icon.png
"GET /apple-touch-icon.png HTTP/1.1" 404 5130
Not Found: /favicon.ico
"GET /favicon.ico HTTP/1.1" 404 5103
"GET /login/ HTTP/1.1" 200 9976
"POST /login/ HTTP/1.1" 302 0
"GET /dashboard/ HTTP/1.1" 200 14783
"GET /admin/ HTTP/1.1" 200 13232
Not Found: /admin/mentors
"GET /admin/mentors HTTP/1.1" 404 8277
"GET /admin/education/user/ HTTP/1.1" 200 34120
"GET /static/admin/css/base.css HTTP/1.1" 200 22120
"GET /static/admin/css/nav_sidebar.css HTTP/1.1" 200 2810
"GET /static/admin/js/nav_sidebar.js HTTP/1.1" 200 3063
"GET /static/admin/css/dark_mode.css HTTP/1.1" 200 2808
"GET /static/admin/css/changelists.css HTTP/1.1" 200 6878
"GET /static/admin/js/theme.js HTTP/1.1" 200 1653
"GET /static/admin/js/jquery.init.js HTTP/1.1" 200 347
"GET /static/admin/js/actions.js HTTP/1.1" 200 8076
"GET /static/admin/js/admin/RelatedObjectLookups.js HTTP/1.1" 200 9777
"GET /static/admin/js/core.js HTTP/1.1" 200 6208
"GET /static/admin/js/urlify.js HTTP/1.1" 200 7887
"GET /admin/jsi18n/ HTTP/1.1" 200 16820
"GET /static/admin/js/filters.js HTTP/1.1" 200 978
"GET /static/admin/js/prepopulate.js HTTP/1.1" 200 1531
"GET /static/admin/css/responsive.css HTTP/1.1" 200 16565
"GET /static/admin/js/vendor/jquery/jquery.js HTTP/1.1" 200 285314
"GET /static/admin/js/vendor/xregexp/xregexp.js HTTP/1.1" 200 325171
"GET /static/admin/img/search.svg HTTP/1.1" 200 458
"GET /static/admin/img/icon-no.svg HTTP/1.1" 200 560
"GET /static/admin/img/icon-yes.svg HTTP/1.1" 200 436
"GET /static/admin/img/tooltag-add.svg HTTP/1.1" 200 331
"GET /static/admin/img/icon-addlink.svg HTTP/1.1" 200 331
"GET /static/admin/img/sorting-icons.svg HTTP/1.1" 200 1097
"GET /static/admin/img/icon-viewlink.svg HTTP/1.1" 200 581
"GET /admin/education/user/add/ HTTP/1.1" 200 22580
"GET /static/admin/css/forms.css HTTP/1.1" 200 8525
"GET /static/admin/js/prepopulate_init.js HTTP/1.1" 200 586
"GET /static/admin/css/unusable_password_field.css HTTP/1.1" 200 663
"GET /static/admin/js/unusable_password_field.js HTTP/1.1" 200 1480
"GET /static/admin/css/widgets.css HTTP/1.1" 200 11973
"GET /static/admin/js/change_form.js HTTP/1.1" 200 606
"GET /admin/jsi18n/ HTTP/1.1" 200 16820
"POST /admin/education/user/add/ HTTP/1.1" 302 0
"GET /admin/education/user/116/change/ HTTP/1.1" 200 37307
"GET /static/admin/js/SelectFilter2.js HTTP/1.1" 200 15845
"GET /static/admin/js/SelectBox.js HTTP/1.1" 200 4530
"GET /static/admin/js/calendar.js HTTP/1.1" 200 9141
"GET /static/admin/js/admin/DateTimeShortcuts.js HTTP/1.1" 200 19319
"GET /admin/jsi18n/ HTTP/1.1" 200 16820
"GET /static/admin/img/selector-icons.svg HTTP/1.1" 200 3291
"GET /static/admin/img/icon-clock.svg HTTP/1.1" 200 677
"GET /static/admin/img/icon-calendar.svg HTTP/1.1" 200 1086
"GET /admin/education/student/ HTTP/1.1" 200 21907
"GET /admin/jsi18n/ HTTP/1.1" 200 16820
Watching for file changes with StatReloader
"GET / HTTP/1.1" 200 10946
Watching for file changes with StatReloader
"GET /admin/ HTTP/1.1" 302 0
"GET /admin/login/?next=/admin/ HTTP/1.1" 200 4348
"GET /static/admin/css/login.css HTTP/1.1" 200 951
"POST /admin/login/?next=/admin/ HTTP/1.1" 302 0
"GET /admin/ HTTP/1.1" 200 13232
"GET /admin/education/mentor/add/ HTTP/1.1" 200 19871
"GET /admin/jsi18n/ HTTP/1.1" 200 16820
"GET /static/admin/img/icon-changelink.svg HTTP/1.1" 200 380
"GET /admin/education/lesson/ HTTP/1.1" 200 15340
"GET /admin/jsi18n/ HTTP/1.1" 200 16820
"GET /admin/education/enrollment/ HTTP/1.1" 200 15510
"GET /admin/jsi18n/ HTTP/1.1" 200 16820
"GET /admin/education/course/ HTTP/1.1" 200 15362
"GET /admin/jsi18n/ HTTP/1.1" 200 16820
"GET /admin/education/mentor/ HTTP/1.1" 200 15260
"GET /admin/jsi18n/ HTTP/1.1" 200 16820
"GET / HTTP/1.1" 200 12074
"GET /logout/ HTTP/1.1" 302 0
"GET / HTTP/1.1" 200 11294
"GET /register/ HTTP/1.1" 200 12059
"POST /register/ HTTP/1.1" 302 0
"GET /dashboard/ HTTP/1.1" 200 14855
/Users/khadizh/Desktop/educenter/education/forms.py changed, reloading.
Watching for file changes with StatReloader
/Users/khadizh/Desktop/educenter/education/views.py changed, reloading.
Watching for file changes with StatReloader
/Users/khadizh/Desktop/educenter/education/urls.py changed, reloading.
Watching for file changes with StatReloader
Watching for file changes with StatReloader
"GET / HTTP/1.1" 200 12109
"GET /logout/ HTTP/1.1" 302 0
"GET / HTTP/1.1" 200 11294
"GET /register/ HTTP/1.1" 200 12096
"POST /register/ HTTP/1.1" 302 0
"GET /dashboard/ HTTP/1.1" 200 14843
"GET /admin/ HTTP/1.1" 302 0
"GET /admin/login/?next=/admin/ HTTP/1.1" 200 3918
"POST /admin/login/?next=/admin/ HTTP/1.1" 302 0
"GET /admin/ HTTP/1.1" 200 13232
"GET /admin/education/student/add/ HTTP/1.1" 200 21357
"GET /static/admin/img/icon-deletelink.svg HTTP/1.1" 200 392
"GET /admin/jsi18n/ HTTP/1.1" 200 16820
"POST /admin/education/student/add/ HTTP/1.1" 302 0
"GET /admin/education/student/ HTTP/1.1" 200 18501
"GET /admin/jsi18n/ HTTP/1.1" 200 16820
"GET /dashboard/ HTTP/1.1" 200 14422
"GET /logout/ HTTP/1.1" 302 0
"GET / HTTP/1.1" 200 11294
"GET /login/ HTTP/1.1" 200 9976
"POST /login/ HTTP/1.1" 200 10355
"POST /login/ HTTP/1.1" 302 0
"GET /dashboard/ HTTP/1.1" 200 14841
/Users/khadizh/Desktop/educenter/education/views.py changed, reloading.
Watching for file changes with StatReloader
/Users/khadizh/Desktop/educenter/education/views.py changed, reloading.
Watching for file changes with StatReloader
Watching for file changes with StatReloader
"GET /dashboard/ HTTP/1.1" 200 14480
"GET /admin/ HTTP/1.1" 302 0
"GET /admin/login/?next=/admin/ HTTP/1.1" 200 3918
"POST /admin/login/?next=/admin/ HTTP/1.1" 200 4199
"POST /admin/login/?next=/admin/ HTTP/1.1" 302 0
"GET /admin/ HTTP/1.1" 200 13232
"GET /admin/education/student/add/ HTTP/1.1" 200 21357
"GET /admin/jsi18n/ HTTP/1.1" 200 16820
"GET /admin/education/student/ HTTP/1.1" 200 18262
"GET /admin/jsi18n/ HTTP/1.1" 200 16820
"GET /admin/education/user/ HTTP/1.1" 200 19756
"GET /admin/jsi18n/ HTTP/1.1" 200 16820
"GET /admin/education/user/3/change/ HTTP/1.1" 200 37006
"GET /admin/jsi18n/ HTTP/1.1" 200 16820
"POST /admin/education/user/3/change/ HTTP/1.1" 302 0
"GET /admin/education/user/ HTTP/1.1" 200 20013
"GET /admin/jsi18n/ HTTP/1.1" 200 16820
"GET /dashboard/ HTTP/1.1" 200 14422
"GET /logout/ HTTP/1.1" 302 0
"GET / HTTP/1.1" 200 11294
"GET /login/ HTTP/1.1" 200 9976
"POST /login/ HTTP/1.1" 302 0
"GET /dashboard/ HTTP/1.1" 200 12955
"GET /admin/ HTTP/1.1" 302 0
"GET /admin/login/?next=/admin/ HTTP/1.1" 200 3918
"POST /admin/login/?next=/admin/ HTTP/1.1" 302 0
"GET /admin/ HTTP/1.1" 200 13232
"GET /admin/education/course/add/ HTTP/1.1" 200 21878
"GET /admin/jsi18n/ HTTP/1.1" 200 16820
"GET /admin/education/mentor/add/?_to_field=id&_popup=1 HTTP/1.1" 200 9972
"GET /admin/jsi18n/ HTTP/1.1" 200 16820
"GET /admin/ HTTP/1.1" 200 13232
"GET /admin/education/mentor/add/ HTTP/1.1" 200 20031
"GET /admin/jsi18n/ HTTP/1.1" 200 16820
Watching for file changes with StatReloader
"GET /admin/education/mentor/add/ HTTP/1.1" 200 20031
"GET /admin/jsi18n/ HTTP/1.1" 200 16820
Watching for file changes with StatReloader
"GET / HTTP/1.1" 200 10946
"GET /login/ HTTP/1.1" 200 9976
"POST /login/ HTTP/1.1" 302 0
"GET /dashboard/ HTTP/1.1" 200 12955
"GET /admin/ HTTP/1.1" 302 0
"GET /admin/login/?next=/admin/ HTTP/1.1" 200 3918
"GET /static/admin/css/dark_mode.css HTTP/1.1" 200 2808
"GET /static/admin/js/nav_sidebar.js HTTP/1.1" 200 3063
"GET /static/admin/css/nav_sidebar.css HTTP/1.1" 200 2810
"POST /admin/login/?next=/admin/ HTTP/1.1" 302 0
"GET /admin/ HTTP/1.1" 200 13232
"GET /admin/education/student/add/ HTTP/1.1" 200 21274
"GET /static/admin/js/jquery.init.js HTTP/1.1" 200 347
"GET /static/admin/js/actions.js HTTP/1.1" 200 8076
"GET /static/admin/css/widgets.css HTTP/1.1" 200 11973
"GET /static/admin/img/icon-deletelink.svg HTTP/1.1" 200 392
"GET /admin/jsi18n/ HTTP/1.1" 200 16820
"GET /admin/education/enrollment/ HTTP/1.1" 200 15510
"GET /static/admin/js/filters.js HTTP/1.1" 200 978
"GET /admin/jsi18n/ HTTP/1.1" 200 16820
"GET /static/admin/img/tooltag-add.svg HTTP/1.1" 200 331
"GET /admin/education/course/ HTTP/1.1" 200 15362
"GET /admin/jsi18n/ HTTP/1.1" 200 16820
"GET /admin/education/course/ HTTP/1.1" 200 15362
"GET /admin/jsi18n/ HTTP/1.1" 200 16820
"GET /admin/education/course/add/ HTTP/1.1" 200 21878
"GET /admin/jsi18n/ HTTP/1.1" 200 16820
"GET /admin/education/mentor/ HTTP/1.1" 200 15260
"GET /admin/jsi18n/ HTTP/1.1" 200 16820
"GET /admin/education/mentor/add/ HTTP/1.1" 200 20031
"GET /admin/jsi18n/ HTTP/1.1" 200 16820
"GET /admin/education/user/ HTTP/1.1" 200 19748
"GET /admin/jsi18n/ HTTP/1.1" 200 16820
"GET /admin/education/user/add/ HTTP/1.1" 200 22580
"GET /static/admin/js/unusable_password_field.js HTTP/1.1" 200 1480
"GET /admin/jsi18n/ HTTP/1.1" 200 16820
"POST /admin/education/user/add/ HTTP/1.1" 302 0
"GET /admin/education/user/4/change/ HTTP/1.1" 200 37323
"GET /admin/jsi18n/ HTTP/1.1" 200 16820
"GET /static/admin/img/selector-icons.svg HTTP/1.1" 200 3291
"GET /static/admin/img/icon-clock.svg HTTP/1.1" 200 677
"GET /admin/education/grade/ HTTP/1.1" 200 15186
"GET /admin/jsi18n/ HTTP/1.1" 200 16820
Watching for file changes with StatReloader
"GET /admin/education/grade/ HTTP/1.1" 200 19537
"GET /static/vendor/fontawesome-free/css/all.min.css HTTP/1.1" 200 103010
"GET /static/vendor/select2/css/select2.min.css HTTP/1.1" 200 16264
"GET /static/jazzmin/css/main.css HTTP/1.1" 200 14372
"GET /static/vendor/adminlte/js/adminlte.min.js HTTP/1.1" 200 18270
"GET /static/jazzmin/js/main.js HTTP/1.1" 200 4542
"GET /static/jazzmin/js/change_list.js HTTP/1.1" 200 2205
"GET /static/vendor/bootstrap/js/bootstrap.bundle.min.js HTTP/1.1" 200 80721
"GET /static/vendor/select2/js/select2.min.js HTTP/1.1" 200 73170
"GET /admin/jsi18n/ HTTP/1.1" 200 16820
"GET /static/vendor/adminlte/css/adminlte.min.css HTTP/1.1" 200 298755
"GET /static/vendor/adminlte/img/AdminLTELogo.png HTTP/1.1" 200 2637
"GET /static/vendor/fontawesome-free/webfonts/fa-solid-900.woff2 HTTP/1.1" 200 156400
"GET /static/vendor/fontawesome-free/webfonts/fa-regular-400.woff2 HTTP/1.1" 200 25392
/Users/khadizh/Desktop/educenter/config/settings.py changed, reloading.
Watching for file changes with StatReloader
"GET /admin/education/grade/ HTTP/1.1" 200 36755
"GET /static/jazzmin/css/main.css HTTP/1.1" 304 0
"GET /static/vendor/select2/css/select2.min.css HTTP/1.1" 304 0
"GET /static/vendor/adminlte/css/adminlte.min.css HTTP/1.1" 304 0
"GET /static/jazzmin/js/main.js HTTP/1.1" 304 0
"GET /static/vendor/fontawesome-free/css/all.min.css HTTP/1.1" 304 0
"GET /static/vendor/adminlte/js/adminlte.min.js HTTP/1.1" 304 0
"GET /static/jazzmin/js/change_list.js HTTP/1.1" 304 0
"GET /static/vendor/select2/js/select2.min.js HTTP/1.1" 304 0
"GET /static/vendor/bootstrap/js/bootstrap.bundle.min.js HTTP/1.1" 304 0
"GET /static/jazzmin/js/ui-builder.js HTTP/1.1" 200 12305
"GET /static/vendor/adminlte/img/AdminLTELogo.png HTTP/1.1" 200 2637
"GET /admin/jsi18n/ HTTP/1.1" 200 16820
"GET /static/vendor/fontawesome-free/webfonts/fa-solid-900.woff2 HTTP/1.1" 304 0
"GET /static/vendor/fontawesome-free/webfonts/fa-regular-400.woff2 HTTP/1.1" 304 0
"GET /admin/education/user/1/change/ HTTP/1.1" 200 64488
"GET /static/vendor/fontawesome-free/css/all.min.css HTTP/1.1" 304 0
"GET /static/jazzmin/css/main.css HTTP/1.1" 304 0
"GET /static/vendor/select2/css/select2.min.css HTTP/1.1" 304 0
"GET /static/jazzmin/js/main.js HTTP/1.1" 304 0
"GET /static/vendor/adminlte/css/adminlte.min.css HTTP/1.1" 304 0
"GET /static/jazzmin/js/ui-builder.js HTTP/1.1" 304 0
"GET /static/vendor/adminlte/img/AdminLTELogo.png HTTP/1.1" 304 0
"GET /static/jazzmin/js/change_form.js HTTP/1.1" 200 6045
"GET /static/vendor/adminlte/js/adminlte.min.js HTTP/1.1" 304 0
"GET /static/vendor/bootstrap/js/bootstrap.bundle.min.js HTTP/1.1" 304 0
"GET /static/vendor/select2/js/select2.min.js HTTP/1.1" 304 0
"GET /admin/jsi18n/ HTTP/1.1" 200 16820
"GET /static/vendor/fontawesome-free/webfonts/fa-solid-900.woff2 HTTP/1.1" 304 0
"GET /static/vendor/fontawesome-free/webfonts/fa-regular-400.woff2 HTTP/1.1" 304 0
"GET /admin/ HTTP/1.1" 200 13232
"GET /admin/ HTTP/1.1" 200 13232
"GET /admin/ HTTP/1.1" 200 13232
"GET /admin/education/student/add/ HTTP/1.1" 200 44037
"GET /static/vendor/fontawesome-free/css/all.min.css HTTP/1.1" 304 0
"GET /static/vendor/bootstrap/js/bootstrap.bundle.min.js HTTP/1.1" 304 0
"GET /static/vendor/adminlte/css/adminlte.min.css HTTP/1.1" 304 0
"GET /static/vendor/select2/css/select2.min.css HTTP/1.1" 304 0
"GET /static/jazzmin/css/main.css HTTP/1.1" 304 0
"GET /static/jazzmin/js/ui-builder.js HTTP/1.1" 304 0
"GET /static/jazzmin/js/main.js HTTP/1.1" 304 0
"GET /static/jazzmin/js/change_form.js HTTP/1.1" 304 0
"GET /static/vendor/select2/js/select2.min.js HTTP/1.1" 304 0
"GET /static/vendor/adminlte/js/adminlte.min.js HTTP/1.1" 304 0
"GET /static/vendor/adminlte/img/AdminLTELogo.png HTTP/1.1" 304 0
"GET /admin/jsi18n/ HTTP/1.1" 200 16820
"GET /static/vendor/fontawesome-free/webfonts/fa-solid-900.woff2 HTTP/1.1" 304 0
"GET /static/vendor/fontawesome-free/webfonts/fa-regular-400.woff2 HTTP/1.1" 304 0
"GET /static/vendor/fontawesome-free/webfonts/fa-brands-400.woff2 HTTP/1.1" 200 117852
"GET /static/vendor/fontawesome-free/webfonts/fa-v4compatibility.woff2 HTTP/1.1" 200 4792
"GET /admin/ HTTP/1.1" 200 13232
"GET /admin/education/homework/ HTTP/1.1" 200 37707
"GET /static/jazzmin/css/main.css HTTP/1.1" 304 0
"GET /static/vendor/fontawesome-free/css/all.min.css HTTP/1.1" 304 0
"GET /static/vendor/select2/css/select2.min.css HTTP/1.1" 304 0
"GET /static/vendor/adminlte/img/AdminLTELogo.png HTTP/1.1" 304 0
"GET /static/vendor/adminlte/css/adminlte.min.css HTTP/1.1" 304 0
"GET /static/jazzmin/js/main.js HTTP/1.1" 304 0
"GET /static/vendor/adminlte/js/adminlte.min.js HTTP/1.1" 304 0
"GET /static/vendor/bootstrap/js/bootstrap.bundle.min.js HTTP/1.1" 304 0
"GET /static/vendor/select2/js/select2.min.js HTTP/1.1" 304 0
"GET /static/jazzmin/js/ui-builder.js HTTP/1.1" 304 0
"GET /static/jazzmin/js/change_list.js HTTP/1.1" 304 0
"GET /admin/jsi18n/ HTTP/1.1" 200 16820
"GET /static/vendor/fontawesome-free/webfonts/fa-solid-900.woff2 HTTP/1.1" 304 0
"GET /static/vendor/fontawesome-free/webfonts/fa-regular-400.woff2 HTTP/1.1" 304 0
"GET /admin/education/user/1/change/ HTTP/1.1" 200 64488
"GET /static/jazzmin/js/change_form.js HTTP/1.1" 304 0
"GET /admin/jsi18n/ HTTP/1.1" 200 16820
"GET /admin/ HTTP/1.1" 200 13232
"GET /admin/ HTTP/1.1" 200 13232
"GET /logout/ HTTP/1.1" 302 0
"GET / HTTP/1.1" 200 11294
"GET /login/ HTTP/1.1" 200 9976
"POST /login/ HTTP/1.1" 302 0
"GET /dashboard/ HTTP/1.1" 200 12955
"GET /dashboard/ HTTP/1.1" 200 12594
"GET /dashboard/ HTTP/1.1" 200 12594
"GET /schedule/ HTTP/1.1" 200 10035
"GET /dashboard/ HTTP/1.1" 200 12594
"GET /logout/ HTTP/1.1" 302 0
"GET / HTTP/1.1" 200 11294
"GET /login/ HTTP/1.1" 200 9976
"POST /login/ HTTP/1.1" 302 0
"GET /dashboard/ HTTP/1.1" 200 14783
"GET /dashboard/ HTTP/1.1" 200 14422
"GET /schedule/ HTTP/1.1" 200 10006
"GET /homework/ HTTP/1.1" 200 10204
"GET /grades/ HTTP/1.1" 200 10162
"GET /courses/ HTTP/1.1" 200 9902
"GET /dashboard/ HTTP/1.1" 200 14422
"GET /grades/ HTTP/1.1" 200 10162
"GET /dashboard/ HTTP/1.1" 200 14422
Not Found: /dashboard/kk
"GET /dashboard/kk HTTP/1.1" 404 6586
"GET / HTTP/1.1" 200 12074
"GET /dashboard/ HTTP/1.1" 200 14422
Not Found: /dashboard/k
"GET /dashboard/k HTTP/1.1" 404 6583
"GET /admin-panel/users/ HTTP/1.1" 302 0
"GET /dashboard/?next=/admin-panel/users/ HTTP/1.1" 200 14422
"GET / HTTP/1.1" 200 12074
"GET /dashboard/ HTTP/1.1" 200 14422
"GET /dashboard/ HTTP/1.1" 200 14422
"GET / HTTP/1.1" 200 12074
"GET /logout/ HTTP/1.1" 302 0
"GET / HTTP/1.1" 200 11294
"GET /register/ HTTP/1.1" 200 12096
"GET /login/ HTTP/1.1" 200 9976
"POST /login/ HTTP/1.1" 302 0
"GET /dashboard/ HTTP/1.1" 200 16481
"GET /schedule/ HTTP/1.1" 200 10041
"GET /logout/ HTTP/1.1" 302 0
"GET / HTTP/1.1" 200 11294
"GET /login/ HTTP/1.1" 200 9976
"POST /login/ HTTP/1.1" 302 0
"GET /dashboard/ HTTP/1.1" 200 14783
"GET /admin/ HTTP/1.1" 200 13232
"GET /admin/education/mentor/add/ HTTP/1.1" 200 43057
"GET /static/vendor/fontawesome-free/css/all.min.css HTTP/1.1" 304 0
"GET /static/jazzmin/css/main.css HTTP/1.1" 304 0
"GET /static/vendor/select2/css/select2.min.css HTTP/1.1" 304 0
"GET /static/vendor/adminlte/css/adminlte.min.css HTTP/1.1" 304 0
"GET /static/jazzmin/js/main.js HTTP/1.1" 304 0
"GET /static/jazzmin/js/ui-builder.js HTTP/1.1" 304 0
"GET /static/vendor/bootstrap/js/bootstrap.bundle.min.js HTTP/1.1" 304 0
"GET /static/vendor/adminlte/js/adminlte.min.js HTTP/1.1" 304 0
"GET /static/jazzmin/js/change_form.js HTTP/1.1" 304 0
"GET /static/vendor/adminlte/img/AdminLTELogo.png HTTP/1.1" 304 0
"GET /static/vendor/select2/js/select2.min.js HTTP/1.1" 304 0
"GET /admin/jsi18n/ HTTP/1.1" 200 16820
"GET /static/vendor/fontawesome-free/webfonts/fa-solid-900.woff2 HTTP/1.1" 304 0
"GET /static/vendor/fontawesome-free/webfonts/fa-regular-400.woff2 HTTP/1.1" 304 0
"GET /static/vendor/fontawesome-free/webfonts/fa-brands-400.woff2 HTTP/1.1" 304 0
"GET /static/vendor/fontawesome-free/webfonts/fa-v4compatibility.woff2 HTTP/1.1" 304 0
"POST /admin/logout/ HTTP/1.1" 302 0
"GET / HTTP/1.1" 200 10946
"GET /admin/ HTTP/1.1" 302 0
"GET /admin/login/?next=/admin/ HTTP/1.1" 200 3206
"POST /admin/login/?next=/admin/ HTTP/1.1" 200 3635
"POST /admin/login/?next=/admin/ HTTP/1.1" 302 0
"GET /admin/ HTTP/1.1" 200 13232
"GET /admin/education/mentor/add/ HTTP/1.1" 200 43057
"GET /admin/jsi18n/ HTTP/1.1" 200 16820
"GET /admin/education/homework/ HTTP/1.1" 200 37707
"GET /static/jazzmin/js/change_list.js HTTP/1.1" 304 0
"GET /admin/jsi18n/ HTTP/1.1" 200 16820
"GET /admin/education/mentor/ HTTP/1.1" 200 36811
"GET /admin/jsi18n/ HTTP/1.1" 200 16820
"GET /admin/education/announcement/ HTTP/1.1" 200 38182
"GET /static/vendor/adminlte/css/adminlte.min.css HTTP/1.1" 304 0
"GET /static/jazzmin/css/main.css HTTP/1.1" 304 0
"GET /static/vendor/fontawesome-free/css/all.min.css HTTP/1.1" 304 0
"GET /static/vendor/select2/css/select2.min.css HTTP/1.1" 304 0
"GET /static/vendor/adminlte/img/AdminLTELogo.png HTTP/1.1" 304 0
"GET /static/vendor/bootstrap/js/bootstrap.bundle.min.js HTTP/1.1" 304 0
"GET /static/vendor/select2/js/select2.min.js HTTP/1.1" 304 0
"GET /static/jazzmin/js/main.js HTTP/1.1" 304 0
"GET /static/vendor/adminlte/js/adminlte.min.js HTTP/1.1" 304 0
"GET /static/jazzmin/js/ui-builder.js HTTP/1.1" 304 0
"GET /admin/jsi18n/ HTTP/1.1" 200 16820
"GET /static/vendor/fontawesome-free/webfonts/fa-solid-900.woff2 HTTP/1.1" 304 0
"GET /static/vendor/fontawesome-free/webfonts/fa-regular-400.woff2 HTTP/1.1" 304 0
"GET /admin/education/homeworksubmission/ HTTP/1.1" 200 37436
"GET /admin/jsi18n/ HTTP/1.1" 200 16820
/Users/khadizh/Desktop/educenter/config/settings.py changed, reloading.
Watching for file changes with StatReloader
/Users/khadizh/Desktop/educenter/config/settings.py changed, reloading.
Watching for file changes with StatReloader
/Users/khadizh/Desktop/educenter/config/settings.py changed, reloading.
Watching for file changes with StatReloader
"GET /admin/education/homeworksubmission/ HTTP/1.1" 200 37505
"GET /static/vendor/select2/css/select2.min.css HTTP/1.1" 304 0
"GET /static/vendor/fontawesome-free/css/all.min.css HTTP/1.1" 304 0
"GET /static/jazzmin/css/main.css HTTP/1.1" 304 0
"GET /static/vendor/adminlte/css/adminlte.min.css HTTP/1.1" 304 0
"GET /static/vendor/adminlte/img/AdminLTELogo.png HTTP/1.1" 304 0
"GET /static/jazzmin/js/main.js HTTP/1.1" 304 0
"GET /static/jazzmin/js/ui-builder.js HTTP/1.1" 304 0
"GET /static/vendor/adminlte/js/adminlte.min.js HTTP/1.1" 304 0
"GET /static/vendor/bootstrap/js/bootstrap.bundle.min.js HTTP/1.1" 304 0
"GET /static/vendor/select2/js/select2.min.js HTTP/1.1" 304 0
"GET /static/jazzmin/js/change_list.js HTTP/1.1" 304 0
"GET /static/vendor/bootswatch/lumen/bootstrap.min.css HTTP/1.1" 200 239022
"GET /admin/jsi18n/ HTTP/1.1" 200 16820
"GET /static/vendor/fontawesome-free/webfonts/fa-solid-900.woff2 HTTP/1.1" 304 0
"GET /static/vendor/fontawesome-free/webfonts/fa-regular-400.woff2 HTTP/1.1" 304 0
"GET /admin/education/mentor/ HTTP/1.1" 200 36880
"GET /admin/jsi18n/ HTTP/1.1" 200 16820
"GET /admin/education/homework/ HTTP/1.1" 200 37776
"GET /admin/jsi18n/ HTTP/1.1" 200 16820
"GET /admin/education/mentor/ HTTP/1.1" 200 36880
"GET /admin/jsi18n/ HTTP/1.1" 200 16820
"GET /admin/education/grade/ HTTP/1.1" 200 36824
"GET /admin/jsi18n/ HTTP/1.1" 200 16820
"GET /admin/education/lesson/ HTTP/1.1" 200 37160
"GET /admin/jsi18n/ HTTP/1.1" 200 16820
"GET /admin/education/enrollment/ HTTP/1.1" 200 37288
"GET /admin/jsi18n/ HTTP/1.1" 200 16820
"GET /admin/education/homework/ HTTP/1.1" 200 37776
"GET /admin/jsi18n/ HTTP/1.1" 200 16820
"GET /admin/ HTTP/1.1" 200 13232
"GET /admin/ HTTP/1.1" 200 13232
"GET /schedule/ HTTP/1.1" 200 10006
"GET /dashboard/ HTTP/1.1" 200 14422
"GET /admin/ HTTP/1.1" 200 13232
"GET /admin/education/course/add/ HTTP/1.1" 200 45853
"GET /static/vendor/fontawesome-free/css/all.min.css HTTP/1.1" 304 0
"GET /static/vendor/bootswatch/lumen/bootstrap.min.css HTTP/1.1" 304 0
"GET /static/vendor/adminlte/css/adminlte.min.css HTTP/1.1" 304 0
"GET /static/jazzmin/css/main.css HTTP/1.1" 304 0
"GET /static/vendor/select2/css/select2.min.css HTTP/1.1" 304 0
"GET /admin/jsi18n/ HTTP/1.1" 200 16820
"GET /static/vendor/adminlte/js/adminlte.min.js HTTP/1.1" 304 0
"GET /static/vendor/bootstrap/js/bootstrap.bundle.min.js HTTP/1.1" 304 0
"GET /static/jazzmin/js/main.js HTTP/1.1" 304 0
"GET /static/vendor/adminlte/img/AdminLTELogo.png HTTP/1.1" 304 0
"GET /static/jazzmin/js/ui-builder.js HTTP/1.1" 304 0
"GET /static/vendor/select2/js/select2.min.js HTTP/1.1" 304 0
"GET /static/jazzmin/js/change_form.js HTTP/1.1" 304 0
"GET /static/vendor/fontawesome-free/webfonts/fa-solid-900.woff2 HTTP/1.1" 304 0
"GET /static/vendor/fontawesome-free/webfonts/fa-regular-400.woff2 HTTP/1.1" 304 0
"GET /static/vendor/fontawesome-free/webfonts/fa-brands-400.woff2 HTTP/1.1" 304 0
"GET /static/vendor/fontawesome-free/webfonts/fa-v4compatibility.woff2 HTTP/1.1" 304 0
"GET /admin/education/mentor/ HTTP/1.1" 200 36880
"GET /static/jazzmin/js/change_list.js HTTP/1.1" 304 0
"GET /admin/jsi18n/ HTTP/1.1" 200 16820
"GET /admin/education/student/ HTTP/1.1" 200 42462
"GET /admin/jsi18n/ HTTP/1.1" 200 16820
"GET /admin/education/mentor/ HTTP/1.1" 200 36880
"GET /admin/jsi18n/ HTTP/1.1" 200 16820
"GET /admin/education/mentor/add/ HTTP/1.1" 200 43118
"GET /static/vendor/select2/css/select2.min.css HTTP/1.1" 304 0
"GET /static/jazzmin/css/main.css HTTP/1.1" 304 0
"GET /static/vendor/fontawesome-free/css/all.min.css HTTP/1.1" 304 0
"GET /static/vendor/adminlte/css/adminlte.min.css HTTP/1.1" 304 0
"GET /static/vendor/bootswatch/lumen/bootstrap.min.css HTTP/1.1" 304 0
"GET /static/jazzmin/js/main.js HTTP/1.1" 304 0
"GET /static/vendor/adminlte/img/AdminLTELogo.png HTTP/1.1" 304 0
"GET /static/vendor/bootstrap/js/bootstrap.bundle.min.js HTTP/1.1" 304 0
"GET /static/jazzmin/js/change_form.js HTTP/1.1" 304 0
"GET /static/vendor/adminlte/js/adminlte.min.js HTTP/1.1" 304 0
"GET /static/vendor/select2/js/select2.min.js HTTP/1.1" 304 0
"GET /static/jazzmin/js/ui-builder.js HTTP/1.1" 304 0
"GET /admin/jsi18n/ HTTP/1.1" 200 16820
"GET /static/vendor/fontawesome-free/webfonts/fa-solid-900.woff2 HTTP/1.1" 304 0
"GET /static/vendor/fontawesome-free/webfonts/fa-regular-400.woff2 HTTP/1.1" 304 0
"GET /static/vendor/fontawesome-free/webfonts/fa-brands-400.woff2 HTTP/1.1" 304 0
"GET /static/vendor/fontawesome-free/webfonts/fa-v4compatibility.woff2 HTTP/1.1" 304 0
"POST /admin/education/mentor/add/ HTTP/1.1" 302 0
"GET /admin/education/mentor/ HTTP/1.1" 200 42029
"GET /static/jazzmin/js/change_list.js HTTP/1.1" 304 0
"GET /admin/jsi18n/ HTTP/1.1" 200 16820
"GET /admin/education/course/ HTTP/1.1" 200 37778
"GET /admin/jsi18n/ HTTP/1.1" 200 16820
"GET /admin/education/course/add/ HTTP/1.1" 200 45941
"GET /admin/jsi18n/ HTTP/1.1" 200 16820
"POST /admin/education/course/add/ HTTP/1.1" 302 0
"GET /admin/education/course/ HTTP/1.1" 200 44010
"GET /static/jazzmin/css/main.css HTTP/1.1" 304 0
"GET /static/vendor/adminlte/img/AdminLTELogo.png HTTP/1.1" 304 0
"GET /static/vendor/adminlte/css/adminlte.min.css HTTP/1.1" 304 0
"GET /static/vendor/fontawesome-free/css/all.min.css HTTP/1.1" 304 0
"GET /static/vendor/bootswatch/lumen/bootstrap.min.css HTTP/1.1" 304 0
"GET /static/vendor/select2/css/select2.min.css HTTP/1.1" 304 0
"GET /static/jazzmin/js/main.js HTTP/1.1" 304 0
"GET /static/vendor/adminlte/js/adminlte.min.js HTTP/1.1" 304 0
"GET /static/vendor/bootstrap/js/bootstrap.bundle.min.js HTTP/1.1" 304 0
"GET /static/vendor/select2/js/select2.min.js HTTP/1.1" 304 0
"GET /static/jazzmin/js/ui-builder.js HTTP/1.1" 304 0
"GET /admin/jsi18n/ HTTP/1.1" 200 16820
"GET /static/vendor/fontawesome-free/webfonts/fa-solid-900.woff2 HTTP/1.1" 304 0
"GET /static/vendor/fontawesome-free/webfonts/fa-regular-400.woff2 HTTP/1.1" 304 0
"GET /admin/education/enrollment/ HTTP/1.1" 200 37288
"GET /admin/jsi18n/ HTTP/1.1" 200 16820
"GET /admin/education/enrollment/add/ HTTP/1.1" 200 40225
"GET /static/jazzmin/js/change_form.js HTTP/1.1" 304 0
"GET /admin/jsi18n/ HTTP/1.1" 200 16820
"POST /admin/education/enrollment/add/ HTTP/1.1" 302 0
"GET /admin/education/enrollment/ HTTP/1.1" 200 42352
"GET /admin/jsi18n/ HTTP/1.1" 200 16820
"GET /admin/education/schedule/ HTTP/1.1" 200 36830
"GET /admin/jsi18n/ HTTP/1.1" 200 16820
"GET /admin/education/schedule/add/ HTTP/1.1" 200 41383
"GET /admin/jsi18n/ HTTP/1.1" 200 16820
"GET /static/vendor/fontawesome-free/webfonts/fa-brands-400.woff2 HTTP/1.1" 304 0
"GET /static/vendor/fontawesome-free/webfonts/fa-v4compatibility.woff2 HTTP/1.1" 304 0
"POST /admin/education/schedule/add/ HTTP/1.1" 302 0
"GET /admin/education/schedule/ HTTP/1.1" 200 42707
"GET /static/jazzmin/js/change_list.js HTTP/1.1" 304 0
"GET /admin/jsi18n/ HTTP/1.1" 200 16820
"GET /admin/ HTTP/1.1" 200 13232
"GET /logout/ HTTP/1.1" 302 0
"GET / HTTP/1.1" 200 11294
"GET /login/ HTTP/1.1" 200 9976
"POST /login/ HTTP/1.1" 302 0
"GET /dashboard/ HTTP/1.1" 200 13389
"GET /admin/ HTTP/1.1" 302 0
"GET /admin/login/?next=/admin/ HTTP/1.1" 200 3831
"GET /static/jazzmin/css/main.css HTTP/1.1" 304 0
"GET /static/vendor/fontawesome-free/css/all.min.css HTTP/1.1" 304 0
"GET /static/vendor/bootswatch/lumen/bootstrap.min.css HTTP/1.1" 304 0
"GET /static/vendor/adminlte/img/AdminLTELogo.png HTTP/1.1" 304 0
"GET /static/vendor/adminlte/js/adminlte.min.js HTTP/1.1" 304 0
"GET /static/vendor/bootstrap/js/bootstrap.bundle.min.js HTTP/1.1" 304 0
"GET /static/vendor/adminlte/css/adminlte.min.css HTTP/1.1" 304 0
"GET /static/vendor/fontawesome-free/webfonts/fa-solid-900.woff2 HTTP/1.1" 304 0
"GET /static/vendor/fontawesome-free/webfonts/fa-regular-400.woff2 HTTP/1.1" 304 0
"POST /admin/login/?next=/admin/ HTTP/1.1" 302 0
"GET /admin/ HTTP/1.1" 200 13232
"GET /admin/education/announcement/add/ HTTP/1.1" 200 43355
"GET /static/jazzmin/js/change_form.js HTTP/1.1" 304 0
"GET /static/vendor/select2/js/select2.min.js HTTP/1.1" 304 0
"GET /static/jazzmin/js/ui-builder.js HTTP/1.1" 304 0
"GET /static/jazzmin/js/main.js HTTP/1.1" 304 0
"GET /static/vendor/select2/css/select2.min.css HTTP/1.1" 304 0
"GET /admin/jsi18n/ HTTP/1.1" 200 16820
"GET /admin/education/schedule/ HTTP/1.1" 200 42112
"GET /static/jazzmin/js/change_list.js HTTP/1.1" 304 0
"GET /admin/jsi18n/ HTTP/1.1" 200 16820
"GET /admin/education/attendance/ HTTP/1.1" 200 37691
"GET /admin/jsi18n/ HTTP/1.1" 200 16820
"GET /admin/education/attendance/add/ HTTP/1.1" 200 41326
"GET /admin/jsi18n/ HTTP/1.1" 200 16820
"GET /admin/education/lesson/ HTTP/1.1" 200 37160
"GET /admin/jsi18n/ HTTP/1.1" 200 16820
"GET /admin/education/lesson/add/ HTTP/1.1" 200 44591
"GET /admin/jsi18n/ HTTP/1.1" 200 16820
"GET /static/vendor/fontawesome-free/webfonts/fa-brands-400.woff2 HTTP/1.1" 304 0
"GET /static/vendor/fontawesome-free/webfonts/fa-v4compatibility.woff2 HTTP/1.1" 304 0
"GET /admin/education/lesson/ HTTP/1.1" 200 37160
"GET /static/vendor/select2/css/select2.min.css HTTP/1.1" 304 0
"GET /static/jazzmin/css/main.css HTTP/1.1" 304 0
"GET /static/jazzmin/js/main.js HTTP/1.1" 304 0
"GET /static/vendor/adminlte/img/AdminLTELogo.png HTTP/1.1" 304 0
"GET /static/vendor/bootswatch/lumen/bootstrap.min.css HTTP/1.1" 304 0
"GET /static/vendor/fontawesome-free/css/all.min.css HTTP/1.1" 304 0
"GET /static/vendor/bootstrap/js/bootstrap.bundle.min.js HTTP/1.1" 304 0
"GET /static/jazzmin/js/change_list.js HTTP/1.1" 304 0
"GET /static/vendor/adminlte/js/adminlte.min.js HTTP/1.1" 304 0
"GET /static/jazzmin/js/ui-builder.js HTTP/1.1" 304 0
"GET /static/vendor/select2/js/select2.min.js HTTP/1.1" 304 0
"GET /static/vendor/adminlte/css/adminlte.min.css HTTP/1.1" 304 0
"GET /admin/jsi18n/ HTTP/1.1" 200 16820
"GET /static/vendor/fontawesome-free/webfonts/fa-solid-900.woff2 HTTP/1.1" 304 0
"GET /static/vendor/fontawesome-free/webfonts/fa-regular-400.woff2 HTTP/1.1" 304 0
Watching for file changes with StatReloader
"GET / HTTP/1.1" 200 12074
"GET /dashboard/ HTTP/1.1" 200 14422
"GET /admin/ HTTP/1.1" 200 13232
"GET /admin/education/course/add/ HTTP/1.1" 200 45941
"GET /static/vendor/fontawesome-free/css/all.min.css HTTP/1.1" 200 103010
"GET /static/vendor/bootstrap/js/bootstrap.bundle.min.js HTTP/1.1" 200 80721
"GET /static/vendor/bootswatch/lumen/bootstrap.min.css HTTP/1.1" 200 239022
"GET /static/vendor/adminlte/css/adminlte.min.css HTTP/1.1" 200 298755
"GET /static/jazzmin/css/main.css HTTP/1.1" 304 0
"GET /static/vendor/select2/css/select2.min.css HTTP/1.1" 304 0
"GET /static/jazzmin/js/main.js HTTP/1.1" 200 4542
"GET /static/jazzmin/js/change_form.js HTTP/1.1" 304 0
"GET /static/jazzmin/js/ui-builder.js HTTP/1.1" 200 12305
"GET /static/vendor/adminlte/img/AdminLTELogo.png HTTP/1.1" 304 0
"GET /static/vendor/adminlte/js/adminlte.min.js HTTP/1.1" 304 0
"GET /static/vendor/select2/js/select2.min.js HTTP/1.1" 200 73170
"GET /admin/jsi18n/ HTTP/1.1" 200 16820
"GET /static/admin/js/vendor/jquery/jquery.js HTTP/1.1" 200 285314
"GET /static/admin/img/icon-viewlink.svg HTTP/1.1" 200 581
"GET /static/vendor/fontawesome-free/webfonts/fa-solid-900.woff2 HTTP/1.1" 200 156400
"GET /static/vendor/fontawesome-free/webfonts/fa-regular-400.woff2 HTTP/1.1" 304 0
"GET /static/vendor/fontawesome-free/webfonts/fa-brands-400.woff2 HTTP/1.1" 200 117852
"GET /static/vendor/fontawesome-free/webfonts/fa-v4compatibility.woff2 HTTP/1.1" 304 0
"GET /admin/education/homework/ HTTP/1.1" 200 37776
"GET /static/jazzmin/js/change_list.js HTTP/1.1" 304 0
"GET /admin/jsi18n/ HTTP/1.1" 200 16820
"GET /admin/education/lesson/ HTTP/1.1" 200 37160
"GET /admin/jsi18n/ HTTP/1.1" 200 16820
"GET /admin/education/enrollment/ HTTP/1.1" 200 41751
"GET /admin/jsi18n/ HTTP/1.1" 200 16820
"GET /admin/education/course/ HTTP/1.1" 200 43463
"GET /admin/jsi18n/ HTTP/1.1" 200 16820
"GET /admin/education/mentor/ HTTP/1.1" 200 41441
"GET /admin/jsi18n/ HTTP/1.1" 200 16820
"GET /admin/education/announcement/ HTTP/1.1" 200 38251
"GET /admin/jsi18n/ HTTP/1.1" 200 16820
"GET /admin/education/grade/ HTTP/1.1" 200 36824
"GET /admin/jsi18n/ HTTP/1.1" 200 16820
"GET /admin/education/user/ HTTP/1.1" 200 45115
"GET /admin/jsi18n/ HTTP/1.1" 200 16820
"GET /admin/education/attendance/ HTTP/1.1" 200 37691
"GET /admin/jsi18n/ HTTP/1.1" 200 16820
"GET /admin/education/schedule/ HTTP/1.1" 200 42112
"GET /admin/jsi18n/ HTTP/1.1" 200 16820
"GET /admin/education/homeworksubmission/ HTTP/1.1" 200 37505
"GET /admin/jsi18n/ HTTP/1.1" 200 16820
"GET /admin/education/student/ HTTP/1.1" 200 42462
"GET /admin/jsi18n/ HTTP/1.1" 200 16820
"GET /admin/education/homeworksubmission/ HTTP/1.1" 200 37505
"GET /admin/jsi18n/ HTTP/1.1" 200 16820
"GET /admin/education/schedule/ HTTP/1.1" 200 42112
"GET /admin/jsi18n/ HTTP/1.1" 200 16820
"GET /admin/education/attendance/ HTTP/1.1" 200 37691
"GET /admin/jsi18n/ HTTP/1.1" 200 16820
"GET /admin/education/lesson/ HTTP/1.1" 200 37160
"GET /admin/jsi18n/ HTTP/1.1" 200 16820
"GET /admin/education/lesson/add/ HTTP/1.1" 200 44591
"GET /admin/jsi18n/ HTTP/1.1" 200 16820
"POST /admin/education/lesson/add/ HTTP/1.1" 302 0
"GET /admin/education/lesson/ HTTP/1.1" 200 44216
"GET /admin/jsi18n/ HTTP/1.1" 200 16820
"GET /admin/education/attendance/ HTTP/1.1" 200 37691
"GET /admin/jsi18n/ HTTP/1.1" 200 16820
"GET /admin/education/attendance/add/ HTTP/1.1" 200 41403
"GET /admin/jsi18n/ HTTP/1.1" 200 16820
"POST /admin/education/attendance/add/ HTTP/1.1" 302 0
"GET /admin/education/attendance/ HTTP/1.1" 200 42830
"GET /admin/jsi18n/ HTTP/1.1" 200 16820
"GET /admin/education/schedule/ HTTP/1.1" 200 42112
"GET /admin/jsi18n/ HTTP/1.1" 200 16820
"GET /admin/education/grade/ HTTP/1.1" 200 36824
"GET /admin/jsi18n/ HTTP/1.1" 200 16820
"GET /admin/education/grade/add/ HTTP/1.1" 200 43574
"GET /admin/jsi18n/ HTTP/1.1" 200 16820
"POST /admin/education/grade/add/ HTTP/1.1" 302 0
"GET /admin/education/grade/ HTTP/1.1" 200 42755
"GET /admin/jsi18n/ HTTP/1.1" 200 16820
"GET /admin/education/attendance/ HTTP/1.1" 200 42176
"GET /admin/jsi18n/ HTTP/1.1" 200 16820
"GET /admin/education/homework/ HTTP/1.1" 200 37776
"GET /admin/jsi18n/ HTTP/1.1" 200 16820
"GET /admin/education/homework/add/ HTTP/1.1" 200 41165
"GET /admin/jsi18n/ HTTP/1.1" 200 16820
"POST /admin/education/homework/add/ HTTP/1.1" 302 0
"GET /admin/education/homework/ HTTP/1.1" 200 43154
"GET /admin/jsi18n/ HTTP/1.1" 200 16820
"GET / HTTP/1.1" 200 12074
"GET /logout/ HTTP/1.1" 302 0
"GET / HTTP/1.1" 200 11294
"GET /login/ HTTP/1.1" 200 9976
"POST /login/ HTTP/1.1" 302 0
"GET /dashboard/ HTTP/1.1" 200 15817
"GET /admin/ HTTP/1.1" 302 0
"GET /admin/login/?next=/admin/ HTTP/1.1" 200 3831
"POST /admin/login/?next=/admin/ HTTP/1.1" 302 0
"GET /admin/ HTTP/1.1" 200 13232
"GET /admin/education/course/add/ HTTP/1.1" 200 45941
"GET /admin/jsi18n/ HTTP/1.1" 200 16820
"GET /admin/education/homework/ HTTP/1.1" 200 42575
"GET /admin/jsi18n/ HTTP/1.1" 200 16820
"GET /admin/education/homeworksubmission/ HTTP/1.1" 200 37505
"GET /admin/jsi18n/ HTTP/1.1" 200 16820
"GET /admin/education/homeworksubmission/add/ HTTP/1.1" 200 45142
"GET /admin/jsi18n/ HTTP/1.1" 200 16820
"GET /admin/education/homework/ HTTP/1.1" 200 42575
"GET /admin/jsi18n/ HTTP/1.1" 200 16820
"GET /admin/education/homework/ HTTP/1.1" 200 42575
Watching for file changes with StatReloader
"GET / HTTP/1.1" 200 10946
"GET /login/ HTTP/1.1" 200 9976
"POST /login/ HTTP/1.1" 302 0
"GET /dashboard/ HTTP/1.1" 200 15149
"GET /admin/education/lesson/add/ HTTP/1.1" 302 0
"GET /admin/login/?next=/admin/education/lesson/add/ HTTP/1.1" 200 3854
"POST /admin/login/?next=/admin/education/lesson/add/ HTTP/1.1" 200 4283
Watching for file changes with StatReloader
"GET / HTTP/1.1" 200 12107
"GET /dashboard/ HTTP/1.1" 200 14788
"GET /admin/education/lesson/add/ HTTP/1.1" 302 0
"GET /admin/login/?next=/admin/education/lesson/add/ HTTP/1.1" 200 3854
"GET /static/jazzmin/css/main.css HTTP/1.1" 304 0
"GET /static/vendor/fontawesome-free/css/all.min.css HTTP/1.1" 304 0
"GET /static/vendor/adminlte/js/adminlte.min.js HTTP/1.1" 304 0
"GET /static/vendor/adminlte/img/AdminLTELogo.png HTTP/1.1" 304 0
"GET /static/vendor/bootstrap/js/bootstrap.bundle.min.js HTTP/1.1" 304 0
"GET /static/vendor/adminlte/css/adminlte.min.css HTTP/1.1" 304 0
"GET /static/vendor/bootswatch/lumen/bootstrap.min.css HTTP/1.1" 304 0
"GET /static/vendor/fontawesome-free/webfonts/fa-solid-900.woff2 HTTP/1.1" 304 0
"GET /static/vendor/fontawesome-free/webfonts/fa-regular-400.woff2 HTTP/1.1" 304 0
"POST /admin/login/?next=/admin/education/lesson/add/ HTTP/1.1" 200 4283
"POST /admin/login/?next=/admin/education/lesson/add/ HTTP/1.1" 200 4283
"POST /admin/login/?next=/admin/education/lesson/add/ HTTP/1.1" 302 0
"GET /admin/education/lesson/add/ HTTP/1.1" 200 44591
"GET /static/vendor/select2/css/select2.min.css HTTP/1.1" 304 0
"GET /static/jazzmin/js/ui-builder.js HTTP/1.1" 304 0
"GET /static/jazzmin/js/main.js HTTP/1.1" 304 0
"GET /static/jazzmin/js/change_form.js HTTP/1.1" 304 0
"GET /static/vendor/select2/js/select2.min.js HTTP/1.1" 304 0
"GET /admin/jsi18n/ HTTP/1.1" 200 16820
"GET /static/vendor/fontawesome-free/webfonts/fa-brands-400.woff2 HTTP/1.1" 304 0
"GET /static/vendor/fontawesome-free/webfonts/fa-v4compatibility.woff2 HTTP/1.1" 304 0
"GET /admin/ HTTP/1.1" 200 13232
- Broken pipe from ('127.0.0.1', 57472)
"GET /admin/ HTTP/1.1" 200 13241
"GET /admin/ HTTP/1.1" 200 13244
"GET /admin/education/student/add/ HTTP/1.1" 200 44098
"GET /admin/jsi18n/ HTTP/1.1" 200 16820
"GET /admin/education/enrollment/ HTTP/1.1" 200 41751
"GET /static/jazzmin/js/change_list.js HTTP/1.1" 304 0
"GET /admin/jsi18n/ HTTP/1.1" 200 16820
"GET /admin/education/enrollment/add/ HTTP/1.1" 200 40225
"GET /admin/jsi18n/ HTTP/1.1" 200 16820
"GET /admin/education/user/ HTTP/1.1" 200 45115
"GET /admin/jsi18n/ HTTP/1.1" 200 16820
"GET /admin/education/user/add/ HTTP/1.1" 200 46712
"GET /admin/jsi18n/ HTTP/1.1" 200 16820
"POST /admin/education/user/add/ HTTP/1.1" 200 47246
"GET /admin/jsi18n/ HTTP/1.1" 200 16820
"POST /admin/education/user/add/ HTTP/1.1" 200 47232
"GET /admin/jsi18n/ HTTP/1.1" 200 16820
"POST /admin/education/user/add/ HTTP/1.1" 302 0
"GET /admin/education/user/5/change/ HTTP/1.1" 200 65129
"GET /admin/jsi18n/ HTTP/1.1" 200 16820
"GET /admin/education/student/ HTTP/1.1" 200 42462
"GET /admin/jsi18n/ HTTP/1.1" 200 16820
"GET /admin/education/student/add/ HTTP/1.1" 200 44198
"GET /admin/jsi18n/ HTTP/1.1" 200 16820
"GET /admin/education/user/ HTTP/1.1" 200 45797
"GET /admin/jsi18n/ HTTP/1.1" 200 16820
"GET /admin/education/user/5/change/ HTTP/1.1" 200 64491
"GET /admin/jsi18n/ HTTP/1.1" 200 16820
"POST /admin/education/user/5/change/ HTTP/1.1" 302 0
"GET /admin/education/user/ HTTP/1.1" 200 46485
"GET /admin/jsi18n/ HTTP/1.1" 200 16820
"GET /admin/education/enrollment/ HTTP/1.1" 200 41751
"GET /admin/jsi18n/ HTTP/1.1" 200 16820
"GET /admin/education/enrollment/add/ HTTP/1.1" 200 40225
"GET /admin/jsi18n/ HTTP/1.1" 200 16820
"GET /admin/education/student/ HTTP/1.1" 200 42462
"GET /admin/jsi18n/ HTTP/1.1" 200 16820
"GET /admin/education/student/add/ HTTP/1.1" 200 44274
"GET /admin/jsi18n/ HTTP/1.1" 200 16820
"GET /admin/education/user/ HTTP/1.1" 200 45885
"GET /admin/jsi18n/ HTTP/1.1" 200 16820
"GET /admin/education/user/5/change/ HTTP/1.1" 200 64610
"GET /admin/jsi18n/ HTTP/1.1" 200 16820
"POST /admin/education/user/5/change/ HTTP/1.1" 302 0
"GET /admin/education/user/ HTTP/1.1" 200 46473
"GET /admin/jsi18n/ HTTP/1.1" 200 16820
"GET /admin/education/student/ HTTP/1.1" 200 42462
"GET /admin/jsi18n/ HTTP/1.1" 200 16820
"GET /admin/education/student/add/ HTTP/1.1" 200 44182
"GET /admin/jsi18n/ HTTP/1.1" 200 16820
"POST /admin/education/student/add/ HTTP/1.1" 302 0
"GET /admin/education/student/ HTTP/1.1" 200 44038
"GET /admin/jsi18n/ HTTP/1.1" 200 16820
"GET /admin/education/enrollment/ HTTP/1.1" 200 41751
"GET /admin/jsi18n/ HTTP/1.1" 200 16820
"GET /admin/education/enrollment/add/ HTTP/1.1" 200 40294
"GET /admin/jsi18n/ HTTP/1.1" 200 16820
"POST /admin/education/enrollment/add/ HTTP/1.1" 302 0
"GET /admin/education/enrollment/ HTTP/1.1" 200 43330
"GET /admin/jsi18n/ HTTP/1.1" 200 16820
"GET /admin/education/grade/ HTTP/1.1" 200 42169
"GET /admin/jsi18n/ HTTP/1.1" 200 16820
"GET /admin/ HTTP/1.1" 200 13244
"GET / HTTP/1.1" 200 12074
/Users/khadizh/Desktop/educenter/education/urls.py changed, reloading.
Watching for file changes with StatReloader
/Users/khadizh/Desktop/educenter/education/urls.py changed, reloading.
Watching for file changes with StatReloader
"GET /logout/ HTTP/1.1" 302 0
"GET / HTTP/1.1" 200 11294
"GET /register/ HTTP/1.1" 200 12096
"GET / HTTP/1.1" 200 8755
"GET / HTTP/1.1" 200 8755
"GET /login/ HTTP/1.1" 200 7785
"GET /register/ HTTP/1.1" 200 9905
"GET / HTTP/1.1" 200 8755
"GET / HTTP/1.1" 200 8976
"GET /register/ HTTP/1.1" 200 10123
"GET /login/ HTTP/1.1" 200 8003
"POST /login/ HTTP/1.1" 302 0
"GET /dashboard/ HTTP/1.1" 200 13075
"GET /admin/ HTTP/1.1" 302 0
"GET /admin/login/?next=/admin/ HTTP/1.1" 200 3833
"POST /admin/login/?next=/admin/ HTTP/1.1" 200 4262
"POST /admin/login/?next=/admin/ HTTP/1.1" 302 0
"GET /admin/ HTTP/1.1" 200 11251
"GET /admin/ HTTP/1.1" 200 11256
"GET /admin/ HTTP/1.1" 200 11269
"GET /logout/ HTTP/1.1" 302 0
"GET / HTTP/1.1" 200 9243
"GET /login/ HTTP/1.1" 200 8003
"POST /login/ HTTP/1.1" 302 0
"GET /dashboard/ HTTP/1.1" 200 13075
"GET /dashboard/ HTTP/1.1" 200 12807
"GET /dashboard/ HTTP/1.1" 200 12808
"GET /logout/ HTTP/1.1" 302 0
"GET / HTTP/1.1" 200 9243
"GET /login/ HTTP/1.1" 200 8003
"POST /login/ HTTP/1.1" 302 0
"GET /dashboard/ HTTP/1.1" 200 19003
"GET /dashboard/ HTTP/1.1" 200 18724
"GET /logout/ HTTP/1.1" 302 0
"GET / HTTP/1.1" 200 9243
"GET /login/ HTTP/1.1" 200 8003
"POST /login/ HTTP/1.1" 302 0
"GET /dashboard/ HTTP/1.1" 200 13743
"GET /dashboard/ HTTP/1.1" 200 13464
"GET /dashboard/ HTTP/1.1" 200 13468
"GET /dashboard/ HTTP/1.1" 200 13468
/Users/khadizh/Desktop/educenter/education/urls.py changed, reloading.
Watching for file changes with StatReloader
"GET /logout/ HTTP/1.1" 302 0
"GET / HTTP/1.1" 200 9243
"GET /register/ HTTP/1.1" 200 10123
"GET /login/ HTTP/1.1" 200 8003
"GET /admin/ HTTP/1.1" 302 0
"GET /admin/login/?next=/admin/ HTTP/1.1" 200 3328
"GET /static/jazzmin/css/main.css HTTP/1.1" 304 0
"GET /static/vendor/fontawesome-free/css/all.min.css HTTP/1.1" 304 0
"GET /static/vendor/adminlte/img/AdminLTELogo.png HTTP/1.1" 304 0
"GET /static/vendor/adminlte/js/adminlte.min.js HTTP/1.1" 304 0
"GET /static/vendor/bootswatch/lumen/bootstrap.min.css HTTP/1.1" 304 0
"GET /static/vendor/adminlte/css/adminlte.min.css HTTP/1.1" 304 0
"GET /static/vendor/bootstrap/js/bootstrap.bundle.min.js HTTP/1.1" 304 0
"GET /static/vendor/fontawesome-free/webfonts/fa-solid-900.woff2 HTTP/1.1" 304 0
"GET /static/vendor/fontawesome-free/webfonts/fa-regular-400.woff2 HTTP/1.1" 304 0
"POST /admin/login/?next=/admin/ HTTP/1.1" 302 0
"GET /admin/ HTTP/1.1" 200 11268
- Broken pipe from ('127.0.0.1', 59705)
- Broken pipe from ('127.0.0.1', 59700)
- Broken pipe from ('127.0.0.1', 59704)
"GET /logout/ HTTP/1.1" 302 0
"GET / HTTP/1.1" 200 9243
"GET /login/ HTTP/1.1" 200 8003
"POST /login/ HTTP/1.1" 302 0
"GET /dashboard/ HTTP/1.1" 200 12086
"GET /logout/ HTTP/1.1" 302 0
"GET / HTTP/1.1" 200 9243
"GET /login/ HTTP/1.1" 200 8003
"POST /login/ HTTP/1.1" 302 0
"GET /dashboard/ HTTP/1.1" 200 16962
"GET /logout/ HTTP/1.1" 302 0
"GET / HTTP/1.1" 200 9243
"GET /login/ HTTP/1.1" 200 8003
"POST /login/ HTTP/1.1" 302 0
"GET /dashboard/ HTTP/1.1" 200 12582
"GET / HTTP/1.1" 200 10113
"GET /logout/ HTTP/1.1" 302 0
"GET / HTTP/1.1" 200 9243
"GET /login/ HTTP/1.1" 200 8003
"POST /login/ HTTP/1.1" 302 0
"GET /dashboard/ HTTP/1.1" 200 12710
"GET /dashboard/ HTTP/1.1" 200 12430
"GET /admin/ HTTP/1.1" 200 11268
"GET /admin/education/student/add/ HTTP/1.1" 200 44182
"GET /static/vendor/select2/css/select2.min.css HTTP/1.1" 304 0
"GET /static/jazzmin/js/main.js HTTP/1.1" 304 0
"GET /static/jazzmin/js/change_form.js HTTP/1.1" 304 0
"GET /static/jazzmin/js/ui-builder.js HTTP/1.1" 304 0
"GET /static/vendor/select2/js/select2.min.js HTTP/1.1" 304 0
"GET /admin/jsi18n/ HTTP/1.1" 200 16820
"GET /static/vendor/fontawesome-free/webfonts/fa-brands-400.woff2 HTTP/1.1" 304 0
"GET /static/vendor/fontawesome-free/webfonts/fa-v4compatibility.woff2 HTTP/1.1" 304 0
Watching for file changes with StatReloader
"GET / HTTP/1.1" 200 8976
"GET /login/ HTTP/1.1" 200 8003
"POST /login/ HTTP/1.1" 302 0
"GET /dashboard/ HTTP/1.1" 200 12086
"GET /admin/education/homework/add/ HTTP/1.1" 302 0
"GET /admin/login/?next=/admin/education/homework/add/ HTTP/1.1" 200 3856
"GET /static/jazzmin/css/main.css HTTP/1.1" 304 0
"GET /static/vendor/fontawesome-free/css/all.min.css HTTP/1.1" 304 0
"GET /static/vendor/bootswatch/lumen/bootstrap.min.css HTTP/1.1" 304 0
"GET /static/vendor/adminlte/css/adminlte.min.css HTTP/1.1" 304 0
"GET /static/vendor/bootstrap/js/bootstrap.bundle.min.js HTTP/1.1" 304 0
"GET /static/vendor/adminlte/img/AdminLTELogo.png HTTP/1.1" 304 0
"GET /static/vendor/adminlte/js/adminlte.min.js HTTP/1.1" 304 0
"GET /static/vendor/fontawesome-free/webfonts/fa-solid-900.woff2 HTTP/1.1" 304 0
"GET /static/vendor/fontawesome-free/webfonts/fa-regular-400.woff2 HTTP/1.1" 304 0
/Users/khadizh/Desktop/educenter/education/models.py changed, reloading.
Watching for file changes with StatReloader
/Users/khadizh/Desktop/educenter/education/models.py changed, reloading.
Watching for file changes with StatReloader
Watching for file changes with StatReloader
/Users/khadizh/Desktop/educenter/config/settings.py changed, reloading.
Watching for file changes with StatReloader
Watching for file changes with StatReloader
Watching for file changes with StatReloader
"GET / HTTP/1.1" 200 8976
Not Found: /apple-touch-icon-precomposed.png
Not Found: /favicon.ico
Not Found: /apple-touch-icon-precomposed.png
Not Found: /apple-touch-icon.png
Not Found: /favicon.ico
"GET /apple-touch-icon-precomposed.png HTTP/1.1" 404 6646
"GET /favicon.ico HTTP/1.1" 404 6583
"GET /apple-touch-icon-precomposed.png HTTP/1.1" 404 6646
"GET /apple-touch-icon.png HTTP/1.1" 404 6610
"GET /favicon.ico HTTP/1.1" 404 6583
Not Found: /apple-touch-icon.png
"GET /apple-touch-icon.png HTTP/1.1" 404 6610
Not Found: /favicon.ico
"GET /favicon.ico HTTP/1.1" 404 6583
"GET /register/ HTTP/1.1" 200 10123
"GET /login/ HTTP/1.1" 200 8003
"POST /login/ HTTP/1.1" 302 0
"GET /dashboard/ HTTP/1.1" 200 12086
"GET /logout/ HTTP/1.1" 302 0
"GET / HTTP/1.1" 200 9243
"GET /login/ HTTP/1.1" 200 8003
"POST /login/ HTTP/1.1" 302 0
"GET /dashboard/ HTTP/1.1" 200 16962
"GET /admin/ HTTP/1.1" 302 0
"GET /admin/login/?next=/admin/ HTTP/1.1" 200 3837
"GET /static/jazzmin/css/main.css HTTP/1.1" 304 0
"GET /static/vendor/bootswatch/lumen/bootstrap.min.css HTTP/1.1" 304 0
"GET /static/vendor/adminlte/js/adminlte.min.js HTTP/1.1" 304 0
"GET /static/vendor/bootstrap/js/bootstrap.bundle.min.js HTTP/1.1" 304 0
"GET /static/vendor/fontawesome-free/css/all.min.css HTTP/1.1" 304 0
"GET /static/vendor/adminlte/css/adminlte.min.css HTTP/1.1" 304 0
"GET /static/vendor/adminlte/img/AdminLTELogo.png HTTP/1.1" 200 2637
"GET /static/vendor/fontawesome-free/webfonts/fa-solid-900.woff2 HTTP/1.1" 304 0
"GET /static/vendor/fontawesome-free/webfonts/fa-regular-400.woff2 HTTP/1.1" 304 0
"POST /admin/login/?next=/admin/ HTTP/1.1" 302 0
"GET /admin/ HTTP/1.1" 200 11268
"GET /admin/education/student/add/ HTTP/1.1" 200 44182
"GET /static/admin/js/prepopulate_init.js HTTP/1.1" 200 586
"GET /static/admin/js/prepopulate.js HTTP/1.1" 200 1531
"GET /static/admin/js/jquery.init.js HTTP/1.1" 200 347
"GET /static/jazzmin/js/main.js HTTP/1.1" 200 4542
"GET /static/vendor/select2/css/select2.min.css HTTP/1.1" 304 0
"GET /static/admin/js/admin/DateTimeShortcuts.js HTTP/1.1" 200 19319
"GET /static/jazzmin/js/change_form.js HTTP/1.1" 304 0
"GET /static/jazzmin/js/ui-builder.js HTTP/1.1" 200 12305
"GET /static/vendor/select2/js/select2.min.js HTTP/1.1" 304 0
"GET /static/admin/img/icon-viewlink.svg HTTP/1.1" 200 581
"GET /admin/jsi18n/ HTTP/1.1" 200 16820
"GET /static/admin/img/icon-deletelink.svg HTTP/1.1" 200 392
"GET /static/vendor/fontawesome-free/webfonts/fa-brands-400.woff2 HTTP/1.1" 200 117852
"GET /static/vendor/fontawesome-free/webfonts/fa-v4compatibility.woff2 HTTP/1.1" 200 4792
"GET /dashboard/ HTTP/1.1" 200 12430
Watching for file changes with StatReloader
"GET / HTTP/1.1" 200 8976
"GET /login/ HTTP/1.1" 200 8003
"POST /login/ HTTP/1.1" 302 0
"GET /dashboard/ HTTP/1.1" 200 12582
"GET /logout/ HTTP/1.1" 302 0
"GET / HTTP/1.1" 200 9243
"GET /login/ HTTP/1.1" 200 8003
"POST /login/ HTTP/1.1" 302 0
"GET /dashboard/ HTTP/1.1" 200 12086
"GET /admin/ HTTP/1.1" 302 0
"GET /admin/login/?next=/admin/ HTTP/1.1" 200 3836
"GET /static/jazzmin/css/main.css HTTP/1.1" 200 14372
"GET /static/vendor/fontawesome-free/css/all.min.css HTTP/1.1" 200 103010
"GET /static/vendor/adminlte/js/adminlte.min.js HTTP/1.1" 200 18270
"GET /static/vendor/bootstrap/js/bootstrap.bundle.min.js HTTP/1.1" 200 80721
"GET /static/vendor/bootswatch/lumen/bootstrap.min.css HTTP/1.1" 200 239022
"GET /static/vendor/adminlte/css/adminlte.min.css HTTP/1.1" 200 298755
"GET /static/admin/js/vendor/jquery/jquery.js HTTP/1.1" 200 285314
"GET /static/vendor/adminlte/img/AdminLTELogo.png HTTP/1.1" 200 2637
"GET /static/vendor/fontawesome-free/webfonts/fa-solid-900.woff2 HTTP/1.1" 304 0
"GET /static/vendor/fontawesome-free/webfonts/fa-regular-400.woff2 HTTP/1.1" 304 0
"POST /admin/login/?next=/admin/ HTTP/1.1" 302 0
"GET /admin/ HTTP/1.1" 200 11268
"GET /admin/education/mentor/add/ HTTP/1.1" 200 43202
"GET /static/vendor/select2/css/select2.min.css HTTP/1.1" 200 16264
"GET /static/admin/js/jquery.init.js HTTP/1.1" 200 347
"GET /static/admin/js/core.js HTTP/1.1" 200 6208
"GET /static/admin/js/calendar.js HTTP/1.1" 200 9141
"GET /static/admin/js/admin/DateTimeShortcuts.js HTTP/1.1" 200 19319
"GET /static/admin/js/prepopulate.js HTTP/1.1" 200 1531
"GET /static/admin/js/prepopulate_init.js HTTP/1.1" 200 586
"GET /static/admin/js/urlify.js HTTP/1.1" 200 7887
"GET /static/admin/js/admin/RelatedObjectLookups.js HTTP/1.1" 200 9777
"GET /static/jazzmin/js/main.js HTTP/1.1" 200 4542
"GET /static/admin/js/actions.js HTTP/1.1" 304 0
"GET /static/jazzmin/js/ui-builder.js HTTP/1.1" 200 12305
"GET /admin/jsi18n/ HTTP/1.1" 200 16820
"GET /static/jazzmin/js/change_form.js HTTP/1.1" 200 6045
"GET /static/admin/js/change_form.js HTTP/1.1" 304 0
"GET /static/admin/img/icon-changelink.svg HTTP/1.1" 304 0
"GET /static/vendor/select2/js/select2.min.js HTTP/1.1" 200 73170
"GET /static/admin/js/vendor/xregexp/xregexp.js HTTP/1.1" 200 325171
"GET /static/admin/img/icon-addlink.svg HTTP/1.1" 200 331
"GET /static/admin/img/icon-viewlink.svg HTTP/1.1" 200 581
"GET /static/vendor/fontawesome-free/webfonts/fa-brands-400.woff2 HTTP/1.1" 200 117852
"GET /static/vendor/fontawesome-free/webfonts/fa-v4compatibility.woff2 HTTP/1.1" 200 4792
"GET /admin/education/user/ HTTP/1.1" 200 45877
"GET /static/jazzmin/js/change_list.js HTTP/1.1" 200 2205
"GET /static/admin/img/icon-no.svg HTTP/1.1" 200 560
"GET /static/admin/img/icon-yes.svg HTTP/1.1" 200 436
"GET /admin/jsi18n/ HTTP/1.1" 200 16820
"GET /admin/education/user/4/change/ HTTP/1.1" 200 64647
"GET /static/admin/js/SelectBox.js HTTP/1.1" 200 4530
"GET /static/admin/js/SelectFilter2.js HTTP/1.1" 200 15845
"GET /admin/jsi18n/ HTTP/1.1" 200 16820
"GET /admin/education/user/4/password/ HTTP/1.1" 200 36528
"GET /admin/jsi18n/ HTTP/1.1" 200 16820
"POST /admin/education/user/4/password/ HTTP/1.1" 200 36886
"GET /admin/jsi18n/ HTTP/1.1" 200 16820
"POST /admin/education/user/4/password/ HTTP/1.1" 200 36886
"GET /admin/jsi18n/ HTTP/1.1" 200 16820
"POST /admin/education/user/4/password/ HTTP/1.1" 302 0
"GET /admin/education/user/4/change/ HTTP/1.1" 200 65118
"GET /admin/jsi18n/ HTTP/1.1" 200 16820
- Broken pipe from ('127.0.0.1', 56462)
- Broken pipe from ('127.0.0.1', 56463)
Watching for file changes with StatReloader
"GET / HTTP/1.1" 200 8976
"GET /login/ HTTP/1.1" 200 8003
"POST /login/ HTTP/1.1" 302 0
"GET /dashboard/ HTTP/1.1" 200 12086
"GET /admin/education/homework/add/ HTTP/1.1" 302 0
"GET /admin/login/?next=/admin/education/homework/add/ HTTP/1.1" 200 3859
"GET /static/jazzmin/css/main.css HTTP/1.1" 200 14372
"GET /static/vendor/fontawesome-free/css/all.min.css HTTP/1.1" 200 103010
"GET /static/vendor/bootstrap/js/bootstrap.bundle.min.js HTTP/1.1" 200 80721
"GET /static/vendor/adminlte/js/adminlte.min.js HTTP/1.1" 200 18270
"GET /static/vendor/bootswatch/lumen/bootstrap.min.css HTTP/1.1" 200 239022
"GET /static/admin/js/vendor/jquery/jquery.js HTTP/1.1" 200 285314
"GET /static/vendor/adminlte/css/adminlte.min.css HTTP/1.1" 200 298755
"GET /static/vendor/adminlte/img/AdminLTELogo.png HTTP/1.1" 200 2637
"GET /static/vendor/fontawesome-free/webfonts/fa-solid-900.woff2 HTTP/1.1" 200 156400
"GET /static/vendor/fontawesome-free/webfonts/fa-regular-400.woff2 HTTP/1.1" 304 0
/Users/khadizh/Desktop/educenter/education/views.py changed, reloading.
Watching for file changes with StatReloader
/Users/khadizh/Desktop/educenter/education/urls.py changed, reloading.
Watching for file changes with StatReloader
/Users/khadizh/Desktop/educenter/education/views.py changed, reloading.
Watching for file changes with StatReloader
/Users/khadizh/Desktop/educenter/education/views.py changed, reloading.
Watching for file changes with StatReloader
/Users/khadizh/Desktop/educenter/education/views.py changed, reloading.
Watching for file changes with StatReloader
/Users/khadizh/Desktop/educenter/education/views.py changed, reloading.
Watching for file changes with StatReloader
/Users/khadizh/Desktop/educenter/education/views.py changed, reloading.
Watching for file changes with StatReloader
/Users/khadizh/Desktop/educenter/education/views.py changed, reloading.
Watching for file changes with StatReloader
/Users/khadizh/Desktop/educenter/education/urls.py changed, reloading.
Watching for file changes with StatReloader
Watching for file changes with StatReloader
"GET / HTTP/1.1" 200 10117
"GET /dashboard/ HTTP/1.1" 200 11779
Internal Server Error: /mentor/homework/add/
Traceback (most recent call last):
  File "/Users/khadizh/Desktop/educenter/venv/lib/python3.13/site-packages/django/core/handlers/exception.py", line 55, in inner
    response = get_response(request)
  File "/Users/khadizh/Desktop/educenter/venv/lib/python3.13/site-packages/django/core/handlers/base.py", line 197, in _get_response
    response = wrapped_callback(request, *callback_args, **callback_kwargs)
  File "/Users/khadizh/Desktop/educenter/venv/lib/python3.13/site-packages/django/contrib/auth/decorators.py", line 59, in _view_wrapper
    return view_func(request, *args, **kwargs)
  File "/Users/khadizh/Desktop/educenter/venv/lib/python3.13/site-packages/django/contrib/auth/decorators.py", line 59, in _view_wrapper
    return view_func(request, *args, **kwargs)
  File "/Users/khadizh/Desktop/educenter/education/views.py", line 136, in mentor_create_homework
    return render(request, 'mentor/homework_create.html', {'form': form})
  File "/Users/khadizh/Desktop/educenter/venv/lib/python3.13/site-packages/django/shortcuts.py", line 25, in render
    content = loader.render_to_string(template_name, context, request, using=using)
  File "/Users/khadizh/Desktop/educenter/venv/lib/python3.13/site-packages/django/template/loader.py", line 62, in render_to_string
    return template.render(context, request)
           ~~~~~~~~~~~~~~~^^^^^^^^^^^^^^^^^^
  File "/Users/khadizh/Desktop/educenter/venv/lib/python3.13/site-packages/django/template/backends/django.py", line 107, in render
    return self.template.render(context)
           ~~~~~~~~~~~~~~~~~~~~^^^^^^^^^
  File "/Users/khadizh/Desktop/educenter/venv/lib/python3.13/site-packages/django/template/base.py", line 171, in render
    return self._render(context)
           ~~~~~~~~~~~~^^^^^^^^^
  File "/Users/khadizh/Desktop/educenter/venv/lib/python3.13/site-packages/django/template/base.py", line 163, in _render
    return self.nodelist.render(context)
           ~~~~~~~~~~~~~~~~~~~~^^^^^^^^^
  File "/Users/khadizh/Desktop/educenter/venv/lib/python3.13/site-packages/django/template/base.py", line 1016, in render
    return SafeString("".join([node.render_annotated(context) for node in self]))
                               ~~~~~~~~~~~~~~~~~~~~~^^^^^^^^^
  File "/Users/khadizh/Desktop/educenter/venv/lib/python3.13/site-packages/django/template/base.py", line 977, in render_annotated
    return self.render(context)
           ~~~~~~~~~~~^^^^^^^^^
  File "/Users/khadizh/Desktop/educenter/venv/lib/python3.13/site-packages/django/template/loader_tags.py", line 159, in render
    return compiled_parent._render(context)
           ~~~~~~~~~~~~~~~~~~~~~~~^^^^^^^^^
  File "/Users/khadizh/Desktop/educenter/venv/lib/python3.13/site-packages/django/template/base.py", line 163, in _render
    return self.nodelist.render(context)
           ~~~~~~~~~~~~~~~~~~~~^^^^^^^^^
  File "/Users/khadizh/Desktop/educenter/venv/lib/python3.13/site-packages/django/template/base.py", line 1016, in render
    return SafeString("".join([node.render_annotated(context) for node in self]))
                               ~~~~~~~~~~~~~~~~~~~~~^^^^^^^^^
  File "/Users/khadizh/Desktop/educenter/venv/lib/python3.13/site-packages/django/template/base.py", line 977, in render_annotated
    return self.render(context)
           ~~~~~~~~~~~^^^^^^^^^
  File "/Users/khadizh/Desktop/educenter/venv/lib/python3.13/site-packages/django/template/loader_tags.py", line 65, in render
    result = block.nodelist.render(context)
  File "/Users/khadizh/Desktop/educenter/venv/lib/python3.13/site-packages/django/template/base.py", line 1016, in render
    return SafeString("".join([node.render_annotated(context) for node in self]))
                               ~~~~~~~~~~~~~~~~~~~~~^^^^^^^^^
  File "/Users/khadizh/Desktop/educenter/venv/lib/python3.13/site-packages/django/template/base.py", line 977, in render_annotated
    return self.render(context)
           ~~~~~~~~~~~^^^^^^^^^
  File "/Users/khadizh/Desktop/educenter/venv/lib/python3.13/site-packages/django/template/defaulttags.py", line 480, in render
    url = reverse(view_name, args=args, kwargs=kwargs, current_app=current_app)
  File "/Users/khadizh/Desktop/educenter/venv/lib/python3.13/site-packages/django/urls/base.py", line 98, in reverse
    resolved_url = resolver._reverse_with_prefix(view, prefix, *args, **kwargs)
  File "/Users/khadizh/Desktop/educenter/venv/lib/python3.13/site-packages/django/urls/resolvers.py", line 831, in _reverse_with_prefix
    raise NoReverseMatch(msg)
django.urls.exceptions.NoReverseMatch: Reverse for 'mentor_dashboard' not found. 'mentor_dashboard' is not a valid view function or pattern name.
"GET /mentor/homework/add/ HTTP/1.1" 500 158416
/Users/khadizh/Desktop/educenter/education/urls.py changed, reloading.
Watching for file changes with StatReloader
"GET /mentor/homework/add/ HTTP/1.1" 200 9361
"POST /mentor/homework/add/ HTTP/1.1" 302 0
"GET /homework/ HTTP/1.1" 200 8766
Watching for file changes with StatReloader
"GET / HTTP/1.1" 200 5575
"GET /static/css/theme.css HTTP/1.1" 200 7119
Not Found: /favicon.ico
Not Found: /apple-touch-icon-precomposed.png
"GET /favicon.ico HTTP/1.1" 404 7698
"GET /apple-touch-icon-precomposed.png HTTP/1.1" 404 7761
Not Found: /apple-touch-icon.png
"GET /apple-touch-icon.png HTTP/1.1" 404 7725
Not Found: /favicon.ico
"GET /favicon.ico HTTP/1.1" 404 7698
"GET /login/ HTTP/1.1" 200 4602
"POST /login/ HTTP/1.1" 302 0
"GET /dashboard/ HTTP/1.1" 200 8567
"GET /mentor/homework/add/ HTTP/1.1" 200 5960
"POST /mentor/homework/add/ HTTP/1.1" 302 0
"GET /homework/ HTTP/1.1" 200 5365
"GET /logout/ HTTP/1.1" 302 0
"GET / HTTP/1.1" 200 5842
"GET /login/ HTTP/1.1" 200 4602
"POST /login/ HTTP/1.1" 302 0
"GET /dashboard/ HTTP/1.1" 200 8999
/Users/khadizh/Desktop/educenter/education/views.py changed, reloading.
Watching for file changes with StatReloader
"GET / HTTP/1.1" 200 6712
"GET /static/css/theme.css HTTP/1.1" 304 0
"GET /dashboard/ HTTP/1.1" 200 8719
"GET /logout/ HTTP/1.1" 302 0
"GET / HTTP/1.1" 200 5842
"GET /login/ HTTP/1.1" 200 4602
"POST /login/ HTTP/1.1" 302 0
"GET /dashboard/ HTTP/1.1" 200 8567
"GET /mentor/homework/add/ HTTP/1.1" 200 5960
"GET /admin/education/homework/add/ HTTP/1.1" 302 0
"GET /admin/login/?next=/admin/education/homework/add/ HTTP/1.1" 200 3859
Watching for file changes with StatReloader
"GET / HTTP/1.1" 200 6716
"GET /dashboard/ HTTP/1.1" 200 8287
"GET /mentor/homework/add/ HTTP/1.1" 200 5960
"POST /mentor/homework/add/ HTTP/1.1" 302 0
"GET /homework/ HTTP/1.1" 200 5341
"GET /logout/ HTTP/1.1" 302 0
"GET / HTTP/1.1" 200 5842
"GET /login/ HTTP/1.1" 200 4602
"POST /login/ HTTP/1.1" 302 0
"GET /dashboard/ HTTP/1.1" 200 8999
Watching for file changes with StatReloader
"GET / HTTP/1.1" 200 6712
"GET /static/css/theme.css HTTP/1.1" 304 0
"GET /logout/ HTTP/1.1" 302 0
"GET / HTTP/1.1" 200 5842
"GET /login/ HTTP/1.1" 200 4602
"POST /login/ HTTP/1.1" 302 0
"GET /dashboard/ HTTP/1.1" 200 13561
Watching for file changes with StatReloader
"GET / HTTP/1.1" 200 5575
"GET /register/ HTTP/1.1" 200 6722
"POST /register/ HTTP/1.1" 302 0
"GET /dashboard/ HTTP/1.1" 200 7271
"GET /schedule/ HTTP/1.1" 200 4624
"GET /homework/ HTTP/1.1" 200 4807
"GET /grades/ HTTP/1.1" 200 4780
"GET /login/ HTTP/1.1" 200 4602
"POST /login/ HTTP/1.1" 302 0
"GET /dashboard/ HTTP/1.1" 200 9710
Watching for file changes with StatReloader
"GET / HTTP/1.1" 200 5575
"GET /static/css/theme.css HTTP/1.1" 200 7119
Not Found: /apple-touch-icon-precomposed.png
Not Found: /favicon.ico
Not Found: /apple-touch-icon.png
"GET /favicon.ico HTTP/1.1" 404 7698
"GET /apple-touch-icon-precomposed.png HTTP/1.1" 404 7761
"GET /apple-touch-icon.png HTTP/1.1" 404 7725
"GET /login/ HTTP/1.1" 200 4602
"POST /login/ HTTP/1.1" 302 0
"GET /dashboard/ HTTP/1.1" 200 13561
"GET /logout/ HTTP/1.1" 302 0
"GET / HTTP/1.1" 200 5842
"GET /login/ HTTP/1.1" 200 4602
"POST /login/ HTTP/1.1" 302 0
"GET /dashboard/ HTTP/1.1" 200 8567
"GET /mentor/homework/add/ HTTP/1.1" 200 5960
"POST /mentor/homework/add/ HTTP/1.1" 302 0
"GET /homework/ HTTP/1.1" 200 5341
"GET /logout/ HTTP/1.1" 302 0
"GET / HTTP/1.1" 200 5842
"GET /login/ HTTP/1.1" 200 4602
"POST /login/ HTTP/1.1" 302 0
"GET /dashboard/ HTTP/1.1" 200 8999
Watching for file changes with StatReloader
"GET / HTTP/1.1" 200 5575
"GET /login/ HTTP/1.1" 200 4602
"POST /login/ HTTP/1.1" 200 4900
"GET /login/ HTTP/1.1" 200 4602
"POST /login/ HTTP/1.1" 302 0
"GET /mentor/homework/add/ HTTP/1.1" 200 6240
"POST /mentor/homework/add/ HTTP/1.1" 302 0
"POST /mentor/homework/add/ HTTP/1.1" 302 0
"GET /login/ HTTP/1.1" 200 4602
"POST /login/ HTTP/1.1" 302 0
"GET /homework/ HTTP/1.1" 200 18054
"GET /homework/ HTTP/1.1" 200 5596
Watching for file changes with StatReloader
Watching for file changes with StatReloader
Watching for file changes with StatReloader
Watching for file changes with StatReloader
"GET / HTTP/1.1" 200 5579
"GET / HTTP/1.1" 200 5579
"GET /static/css/theme.css HTTP/1.1" 200 14915
"GET /login/ HTTP/1.1" 200 4606
"POST /login/ HTTP/1.1" 302 0
"GET /dashboard/ HTTP/1.1" 200 9313
"GET /login/ HTTP/1.1" 200 4606
"GET /static/css/theme.css HTTP/1.1" 200 14915
"POST /login/ HTTP/1.1" 302 0
"GET /dashboard/ HTTP/1.1" 200 9313
Not Found: /admin-dashboard/
"GET /admin-dashboard/ HTTP/1.1" 404 7713
"GET /courses/ HTTP/1.1" 200 6487
"GET /login/ HTTP/1.1" 200 4606
"GET /static/css/theme.css HTTP/1.1" 200 14915
"POST /login/ HTTP/1.1" 302 0
"GET /dashboard/ HTTP/1.1" 200 9313
"GET /dashboard/ HTTP/1.1" 200 9033
"GET /schedule/ HTTP/1.1" 200 4616
"GET /grades/ HTTP/1.1" 200 4772
"GET / HTTP/1.1" 200 5579
"GET /static/css/theme.css HTTP/1.1" 200 14915
Not Found: /favicon.ico
"GET /favicon.ico HTTP/1.1" 404 7698
"GET /login/ HTTP/1.1" 200 4606
"POST /login/ HTTP/1.1" 200 4904
"POST /login/ HTTP/1.1" 200 4904
"GET /register/ HTTP/1.1" 200 6726
"POST /register/ HTTP/1.1" 200 7681
"GET /login/ HTTP/1.1" 200 4606
"POST /login/ HTTP/1.1" 200 4904
"GET /admin HTTP/1.1" 301 0
"GET /admin/ HTTP/1.1" 302 0
"GET /admin/login/?next=/admin/ HTTP/1.1" 200 3331
"GET /static/vendor/fontawesome-free/css/all.min.css HTTP/1.1" 200 103010
"GET /static/jazzmin/css/main.css HTTP/1.1" 200 14372
"GET /static/vendor/adminlte/js/adminlte.min.js HTTP/1.1" 200 18270
"GET /static/vendor/bootstrap/js/bootstrap.bundle.min.js HTTP/1.1" 200 80721
"GET /static/vendor/bootswatch/lumen/bootstrap.min.css HTTP/1.1" 200 239022
"GET /static/vendor/adminlte/css/adminlte.min.css HTTP/1.1" 200 298755
"GET /static/admin/js/vendor/jquery/jquery.js HTTP/1.1" 200 285314
"GET /static/vendor/adminlte/img/AdminLTELogo.png HTTP/1.1" 200 2637
"GET /static/vendor/fontawesome-free/webfonts/fa-solid-900.woff2 HTTP/1.1" 200 156400
"GET /static/vendor/fontawesome-free/webfonts/fa-regular-400.woff2 HTTP/1.1" 200 25392
"POST /admin/login/?next=/admin/ HTTP/1.1" 302 0
"GET /admin/ HTTP/1.1" 200 7637
"GET /admin/education/mentor/add/ HTTP/1.1" 200 43330
"GET /static/vendor/select2/css/select2.min.css HTTP/1.1" 200 16264
"GET /static/admin/js/core.js HTTP/1.1" 200 6208
"GET /static/admin/js/calendar.js HTTP/1.1" 200 9141
"GET /static/admin/js/admin/DateTimeShortcuts.js HTTP/1.1" 200 19319
"GET /static/admin/js/jquery.init.js HTTP/1.1" 200 347
"GET /static/admin/js/prepopulate.js HTTP/1.1" 200 1531
"GET /static/admin/js/urlify.js HTTP/1.1" 200 7887
"GET /static/admin/js/admin/RelatedObjectLookups.js HTTP/1.1" 200 9777
"GET /static/admin/js/actions.js HTTP/1.1" 200 8076
"GET /static/jazzmin/js/main.js HTTP/1.1" 200 4542
"GET /static/admin/js/change_form.js HTTP/1.1" 200 606
"GET /static/admin/js/prepopulate_init.js HTTP/1.1" 200 586
"GET /admin/jsi18n/ HTTP/1.1" 200 16820
"GET /static/jazzmin/js/ui-builder.js HTTP/1.1" 200 12305
"GET /static/jazzmin/js/change_form.js HTTP/1.1" 200 6045
"GET /static/vendor/select2/js/select2.min.js HTTP/1.1" 200 73170
"GET /static/admin/js/vendor/xregexp/xregexp.js HTTP/1.1" 200 325171
"GET /static/admin/img/icon-addlink.svg HTTP/1.1" 200 331
"GET /static/admin/img/icon-changelink.svg HTTP/1.1" 200 380
"GET /static/admin/img/icon-viewlink.svg HTTP/1.1" 200 581
"GET /static/vendor/fontawesome-free/webfonts/fa-brands-400.woff2 HTTP/1.1" 200 117852
"GET /static/vendor/fontawesome-free/webfonts/fa-v4compatibility.woff2 HTTP/1.1" 200 4792
"GET /login/ HTTP/1.1" 302 0
"GET / HTTP/1.1" 200 6687
"GET /static/css/theme.css HTTP/1.1" 304 0
"GET /logout/ HTTP/1.1" 302 0
"GET / HTTP/1.1" 200 5846
"GET /login/ HTTP/1.1" 200 4606
"POST /login/ HTTP/1.1" 302 0
"GET /dashboard/ HTTP/1.1" 200 13565
Watching for file changes with StatReloader
"GET / HTTP/1.1" 200 5579
"GET / HTTP/1.1" 200 5579
"GET /static/css/theme.css HTTP/1.1" 200 18509
"GET /login/ HTTP/1.1" 200 4606
"POST /login/ HTTP/1.1" 302 0
"GET /dashboard/ HTTP/1.1" 200 13565
"GET /courses/ HTTP/1.1" 200 6522
/Users/khadizh/Desktop/educenter/education/models/__init__.py changed, reloading.
Watching for file changes with StatReloader
/Users/khadizh/Desktop/educenter/education/apps.py changed, reloading.
Watching for file changes with StatReloader
/Users/khadizh/Desktop/educenter/education/views.py changed, reloading.
Watching for file changes with StatReloader
/Users/khadizh/Desktop/educenter/education/views.py changed, reloading.
Watching for file changes with StatReloader
/Users/khadizh/Desktop/educenter/education/urls.py changed, reloading.
Watching for file changes with StatReloader
Watching for file changes with StatReloader
"GET /kpi/admin/ HTTP/1.1" 302 0
"GET /login/ HTTP/1.1" 200 4606
"GET /static/css/theme.css HTTP/1.1" 200 18509
"POST /login/ HTTP/1.1" 200 4904
"GET /kpi/admin/ HTTP/1.1" 302 0
"GET /login/?next=/kpi/admin/ HTTP/1.1" 200 4606
"GET /login/ HTTP/1.1" 200 4606
"POST /login/ HTTP/1.1" 200 4904
"GET /login/ HTTP/1.1" 200 4606
"GET /static/css/theme.css HTTP/1.1" 200 18509
"POST /login/ HTTP/1.1" 302 0
"GET /dashboard/ HTTP/1.1" 200 9904
"GET /kpi/admin/ HTTP/1.1" 200 12990
"GET /login/ HTTP/1.1" 200 4606
"GET /static/css/theme.css HTTP/1.1" 200 18509
"POST /login/ HTTP/1.1" 302 0
"GET /dashboard/ HTTP/1.1" 200 9313
"GET /kpi/ HTTP/1.1" 200 9060
/Users/khadizh/Desktop/educenter/education/views.py changed, reloading.
Watching for file changes with StatReloader
/Users/khadizh/Desktop/educenter/education/views.py changed, reloading.
Watching for file changes with StatReloader
Watching for file changes with StatReloader
"GET / HTTP/1.1" 200 5579
"GET /login/ HTTP/1.1" 200 4606
"GET /static/css/theme.css HTTP/1.1" 200 18509
"POST /login/ HTTP/1.1" 302 0
"GET /dashboard/ HTTP/1.1" 200 13205
"GET /login/ HTTP/1.1" 200 4606
"GET /static/css/theme.css HTTP/1.1" 200 18509
"POST /login/ HTTP/1.1" 302 0
"GET /dashboard/ HTTP/1.1" 200 16368
/Users/khadizh/Desktop/educenter/education/views.py changed, reloading.
Watching for file changes with StatReloader
/Users/khadizh/Desktop/educenter/education/views.py changed, reloading.
Watching for file changes with StatReloader
/Users/khadizh/Desktop/educenter/education/views.py changed, reloading.
Watching for file changes with StatReloader
/Users/khadizh/Desktop/educenter/education/urls.py changed, reloading.
Watching for file changes with StatReloader
Watching for file changes with StatReloader
"GET / HTTP/1.1" 200 5579
"GET /login/ HTTP/1.1" 200 4606
"GET /static/css/theme.css HTTP/1.1" 200 18509
"POST /login/ HTTP/1.1" 302 0
"GET /dashboard/ HTTP/1.1" 200 23549
"GET /mentor/lesson/5/attendance/ HTTP/1.1" 200 14388
/Users/khadizh/Desktop/educenter/education/urls.py changed, reloading.
Watching for file changes with StatReloader
/Users/khadizh/Desktop/educenter/education/models/__init__.py changed, reloading.
Watching for file changes with StatReloader
/Users/khadizh/Desktop/educenter/education/models/kpi.py changed, reloading.
Watching for file changes with StatReloader
/Users/khadizh/Desktop/educenter/education/models/kpi.py changed, reloading.
Watching for file changes with StatReloader
/Users/khadizh/Desktop/educenter/education/signals.py changed, reloading.
Watching for file changes with StatReloader
/Users/khadizh/Desktop/educenter/education/signals.py changed, reloading.
Watching for file changes with StatReloader
/Users/khadizh/Desktop/educenter/education/forms.py changed, reloading.
Watching for file changes with StatReloader
/Users/khadizh/Desktop/educenter/education/forms.py changed, reloading.
Watching for file changes with StatReloader
/Users/khadizh/Desktop/educenter/education/views.py changed, reloading.
Watching for file changes with StatReloader
/Users/khadizh/Desktop/educenter/education/views.py changed, reloading.
Watching for file changes with StatReloader
/Users/khadizh/Desktop/educenter/education/urls.py changed, reloading.
Watching for file changes with StatReloader
Watching for file changes with StatReloader
"GET / HTTP/1.1" 200 5579
"GET /tests/my/ HTTP/1.1" 302 0
"GET /tests/my/ HTTP/1.1" 302 0
Watching for file changes with StatReloader
"GET / HTTP/1.1" 200 7003
"GET /dashboard/ HTTP/1.1" 200 15610
"GET /logout/ HTTP/1.1" 302 0
"GET / HTTP/1.1" 200 5846
"GET /login/ HTTP/1.1" 200 4606
"POST /login/ HTTP/1.1" 200 4904
Watching for file changes with StatReloader
"GET / HTTP/1.1" 200 5579
Watching for file changes with StatReloader
"POST /login/ HTTP/1.1" 302 0
"GET /dashboard/ HTTP/1.1" 200 14668
"GET /logout/ HTTP/1.1" 302 0
"GET / HTTP/1.1" 200 5846
"GET /login/ HTTP/1.1" 200 4606
"POST /login/ HTTP/1.1" 302 0
"GET /dashboard/ HTTP/1.1" 200 24464
"GET /mentor/lesson/5/attendance/ HTTP/1.1" 200 14409
"POST /mentor/lesson/5/attendance/ HTTP/1.1" 302 0
"GET /mentor/dashboard/ HTTP/1.1" 200 24862
"GET /mentor/homework/add/ HTTP/1.1" 200 6609
"POST /mentor/homework/add/ HTTP/1.1" 302 0
"GET /homework/ HTTP/1.1" 200 5639
"GET /logout/ HTTP/1.1" 302 0
"GET / HTTP/1.1" 200 5846
"GET /login/ HTTP/1.1" 200 4606
"POST /login/ HTTP/1.1" 302 0
"GET /dashboard/ HTTP/1.1" 200 14663
/Users/khadizh/Desktop/educenter/education/views.py changed, reloading.
Watching for file changes with StatReloader
/Users/khadizh/Desktop/educenter/education/views.py changed, reloading.
Watching for file changes with StatReloader
Watching for file changes with StatReloader
"GET / HTTP/1.1" 200 7253
"GET /dashboard/ HTTP/1.1" 200 14383
"GET /logout/ HTTP/1.1" 302 0
"GET / HTTP/1.1" 200 5846
"GET /login/ HTTP/1.1" 200 4606
"POST /login/ HTTP/1.1" 200 4904
"POST /login/ HTTP/1.1" 302 0
"GET /dashboard/ HTTP/1.1" 200 24841
"GET /mentor/homework/add/ HTTP/1.1" 200 6609
"POST /mentor/homework/add/ HTTP/1.1" 302 0
"GET /homework/ HTTP/1.1" 200 26070
"GET /logout/ HTTP/1.1" 302 0
"GET / HTTP/1.1" 200 5846
"GET /login/ HTTP/1.1" 200 4606
"POST /login/ HTTP/1.1" 302 0
"GET /dashboard/ HTTP/1.1" 200 14663
"GET /logout/ HTTP/1.1" 302 0
"GET / HTTP/1.1" 200 5846
"GET /login/ HTTP/1.1" 200 4606
"POST /login/ HTTP/1.1" 302 0
"GET /dashboard/ HTTP/1.1" 200 24841
"GET / HTTP/1.1" 200 7014
"GET /dashboard/ HTTP/1.1" 200 24561
"GET /mentor/lesson/add/ HTTP/1.1" 200 7110
"GET /mentor/homework/add/ HTTP/1.1" 200 6609
"GET /mentor/homework/add/ HTTP/1.1" 200 6609
"GET /logout/ HTTP/1.1" 302 0
"GET / HTTP/1.1" 200 5846
"GET /login/ HTTP/1.1" 200 4606
"POST /login/ HTTP/1.1" 302 0
"GET /dashboard/ HTTP/1.1" 200 15890
"GET /logout/ HTTP/1.1" 302 0
"GET / HTTP/1.1" 200 5846
"GET /login/ HTTP/1.1" 200 4606
"POST /login/ HTTP/1.1" 200 4904
"POST /login/ HTTP/1.1" 302 0
"GET /dashboard/ HTTP/1.1" 200 9594
"GET /admin/ HTTP/1.1" 200 7918
"GET /admin/education/student/add/ HTTP/1.1" 200 44310
"GET /static/jazzmin/css/main.css HTTP/1.1" 200 14372
"GET /static/vendor/select2/css/select2.min.css HTTP/1.1" 200 16264
"GET /static/admin/js/jquery.init.js HTTP/1.1" 200 347
"GET /static/admin/js/core.js HTTP/1.1" 200 6208
"GET /static/admin/js/calendar.js HTTP/1.1" 200 9141
"GET /static/vendor/fontawesome-free/css/all.min.css HTTP/1.1" 200 103010
"GET /static/admin/js/admin/DateTimeShortcuts.js HTTP/1.1" 200 19319
"GET /static/admin/js/actions.js HTTP/1.1" 200 8076
"GET /static/admin/js/admin/RelatedObjectLookups.js HTTP/1.1" 200 9777
"GET /static/admin/js/prepopulate.js HTTP/1.1" 200 1531
"GET /static/admin/js/urlify.js HTTP/1.1" 200 7887
"GET /admin/jsi18n/ HTTP/1.1" 200 16820
"GET /static/admin/js/prepopulate_init.js HTTP/1.1" 200 586
"GET /static/jazzmin/js/main.js HTTP/1.1" 200 4542
"GET /static/admin/js/change_form.js HTTP/1.1" 304 0
"GET /static/jazzmin/js/ui-builder.js HTTP/1.1" 200 12305
"GET /static/jazzmin/js/change_form.js HTTP/1.1" 200 6045
"GET /static/vendor/adminlte/js/adminlte.min.js HTTP/1.1" 304 0
"GET /static/vendor/bootswatch/lumen/bootstrap.min.css HTTP/1.1" 304 0
"GET /static/vendor/adminlte/css/adminlte.min.css HTTP/1.1" 304 0
"GET /static/vendor/bootstrap/js/bootstrap.bundle.min.js HTTP/1.1" 200 80721
"GET /static/vendor/select2/js/select2.min.js HTTP/1.1" 200 73170
"GET /static/admin/js/vendor/xregexp/xregexp.js HTTP/1.1" 200 325171
"GET /static/vendor/adminlte/img/AdminLTELogo.png HTTP/1.1" 200 2637
"GET /static/admin/img/icon-changelink.svg HTTP/1.1" 200 380
"GET /static/admin/img/icon-addlink.svg HTTP/1.1" 200 331
"GET /static/admin/img/icon-viewlink.svg HTTP/1.1" 200 581
"GET /static/admin/img/icon-deletelink.svg HTTP/1.1" 200 392
"GET /static/vendor/fontawesome-free/webfonts/fa-solid-900.woff2 HTTP/1.1" 304 0
"GET /static/vendor/fontawesome-free/webfonts/fa-regular-400.woff2 HTTP/1.1" 304 0
"GET /static/vendor/fontawesome-free/webfonts/fa-brands-400.woff2 HTTP/1.1" 200 117852
"GET /static/vendor/fontawesome-free/webfonts/fa-v4compatibility.woff2 HTTP/1.1" 200 4792
"GET /admin/education/enrollment/ HTTP/1.1" 200 42720
"GET /static/admin/img/icon-yes.svg HTTP/1.1" 200 436
"GET /static/jazzmin/js/change_list.js HTTP/1.1" 200 2205
"GET /admin/jsi18n/ HTTP/1.1" 200 16820
"GET /admin/education/enrollment/add/ HTTP/1.1" 200 40337
"GET /admin/jsi18n/ HTTP/1.1" 200 16820
"GET /admin/education/homework/ HTTP/1.1" 200 48624
"GET /admin/jsi18n/ HTTP/1.1" 200 16820
"GET /dashboard/ HTTP/1.1" 200 9314
"GET /logout/ HTTP/1.1" 302 0
"GET / HTTP/1.1" 200 5846
"GET /login/ HTTP/1.1" 200 4606
"POST /login/ HTTP/1.1" 302 0
"GET /dashboard/ HTTP/1.1" 200 24841
"GET /mentor/homework/add/ HTTP/1.1" 200 6609
"POST /mentor/homework/add/ HTTP/1.1" 302 0
"GET /homework/ HTTP/1.1" 200 28161
"GET /logout/ HTTP/1.1" 302 0
"GET / HTTP/1.1" 200 5846
"GET /login/ HTTP/1.1" 200 4606
"POST /login/ HTTP/1.1" 302 0
"GET /dashboard/ HTTP/1.1" 200 14663
"GET /courses/ HTTP/1.1" 200 7053
Watching for file changes with StatReloader
"GET /login/ HTTP/1.1" 200 4606
"GET /static/css/theme.css HTTP/1.1" 200 18509
"POST /login/ HTTP/1.1" 302 0
"GET /dashboard/ HTTP/1.1" 200 14663
"GET /homework/ HTTP/1.1" 200 23641
/Users/khadizh/Desktop/educenter/education/views.py changed, reloading.
Watching for file changes with StatReloader
/Users/khadizh/Desktop/educenter/education/views.py changed, reloading.
Watching for file changes with StatReloader
"GET /login/ HTTP/1.1" 200 4606
"GET /static/css/theme.css HTTP/1.1" 200 18509
"POST /login/ HTTP/1.1" 302 0
"GET /dashboard/ HTTP/1.1" 200 19672
"GET /homework/ HTTP/1.1" 200 23641
"GET / HTTP/1.1" 200 5579
"GET /login/ HTTP/1.1" 200 4606
"POST /login/ HTTP/1.1" 302 0
"GET /dashboard/ HTTP/1.1" 200 19672
"GET /homework/submit/1/ HTTP/1.1" 200 8491
"POST /homework/submit/1/ HTTP/1.1" 302 0
"GET /homework/ HTTP/1.1" 200 23843
"GET /logout/ HTTP/1.1" 302 0
"GET / HTTP/1.1" 200 5846
"GET /login/ HTTP/1.1" 200 4606
"POST /login/ HTTP/1.1" 302 0
"GET /dashboard/ HTTP/1.1" 200 24845
"GET /homework/ HTTP/1.1" 200 27865
"GET /dashboard/ HTTP/1.1" 200 24565
"GET /logout/ HTTP/1.1" 302 0
"GET / HTTP/1.1" 200 5846
"GET /login/ HTTP/1.1" 200 4606
"POST /login/ HTTP/1.1" 302 0
"GET /dashboard/ HTTP/1.1" 200 19720
"GET /homework/ HTTP/1.1" 200 23554
"GET /homework/submit/10/ HTTP/1.1" 200 8464
"POST /homework/submit/10/ HTTP/1.1" 302 0
"GET /homework/ HTTP/1.1" 200 23769
"GET /dashboard/ HTTP/1.1" 200 19440
"GET /logout/ HTTP/1.1" 302 0
"GET / HTTP/1.1" 200 5846
"GET /login/ HTTP/1.1" 200 4606
"POST /login/ HTTP/1.1" 302 0
"GET /dashboard/ HTTP/1.1" 200 24845
"GET /homework/ HTTP/1.1" 200 28261
"GET /admin/education/homeworksubmission/?homework__id__exact=10&status=pending HTTP/1.1" 302 0
"GET /admin/login/?next=/admin/education/homeworksubmission/%3Fhomework__id__exact%3D10%26status%3Dpending HTTP/1.1" 200 3911
/Users/khadizh/Desktop/educenter/education/views.py changed, reloading.
/Users/khadizh/Desktop/educenter/education/views.py changed, reloading.
Watching for file changes with StatReloader
Watching for file changes with StatReloader
/Users/khadizh/Desktop/educenter/education/urls.py changed, reloading.
/Users/khadizh/Desktop/educenter/education/urls.py changed, reloading.
Watching for file changes with StatReloader
Watching for file changes with StatReloader
/Users/khadizh/Desktop/educenter/education/views.py changed, reloading.
/Users/khadizh/Desktop/educenter/education/views.py changed, reloading.
Watching for file changes with StatReloader
Watching for file changes with StatReloader
"GET /login/ HTTP/1.1" 200 4606
"GET /static/css/theme.css HTTP/1.1" 200 18509
"POST /login/ HTTP/1.1" 200 4904
"GET /login/ HTTP/1.1" 200 4606
"GET /static/css/theme.css HTTP/1.1" 200 18509
"POST /login/ HTTP/1.1" 302 0
"GET /dashboard/ HTTP/1.1" 200 24845
"GET /homework/ HTTP/1.1" 200 31116
"GET /login/ HTTP/1.1" 200 4606
"GET /static/css/theme.css HTTP/1.1" 200 18509
"POST /login/ HTTP/1.1" 302 0
"GET /dashboard/ HTTP/1.1" 200 24845
"GET /homework/ HTTP/1.1" 200 31116
"GET /mentor/homework/7/submissions/ HTTP/1.1" 200 5841
"GET /mentor/submission/3/review/ HTTP/1.1" 200 11193
/Users/khadizh/Desktop/educenter/education/views.py changed, reloading.
/Users/khadizh/Desktop/educenter/education/views.py changed, reloading.
Watching for file changes with StatReloader
Watching for file changes with StatReloader
"GET /login/ HTTP/1.1" 200 4606
"GET /static/css/theme.css HTTP/1.1" 200 18509
"POST /login/ HTTP/1.1" 302 0
"GET /dashboard/ HTTP/1.1" 200 24845
"GET /mentor/homework/6/submissions/ HTTP/1.1" 200 7366
"GET /mentor/submission/3/review/ HTTP/1.1" 200 11193
"GET /dashboard/ HTTP/1.1" 302 0
"GET /login/?next=/dashboard/ HTTP/1.1" 200 4606
"POST /login/?next=/dashboard/ HTTP/1.1" 302 0
"GET /dashboard/ HTTP/1.1" 200 24845
"GET /homework/ HTTP/1.1" 200 31116
"GET /mentor/homework/6/submissions/ HTTP/1.1" 200 7366
"GET /mentor/submission/3/review/ HTTP/1.1" 200 11193
"POST /mentor/submission/3/review/ HTTP/1.1" 302 0
"GET /mentor/homework/6/submissions/ HTTP/1.1" 200 7665
"GET /logout/ HTTP/1.1" 302 0
"GET / HTTP/1.1" 200 5846
"GET /login/ HTTP/1.1" 200 4606
"POST /login/ HTTP/1.1" 302 0
"GET /dashboard/ HTTP/1.1" 200 19720
"GET /homework/ HTTP/1.1" 200 23503
"GET /login/ HTTP/1.1" 200 4606
"GET /static/css/theme.css HTTP/1.1" 200 18509
"POST /login/ HTTP/1.1" 302 0
"GET /dashboard/ HTTP/1.1" 200 19720
"GET /logout/ HTTP/1.1" 302 0
"GET / HTTP/1.1" 200 5846
"GET /login/ HTTP/1.1" 200 4606
"POST /login/ HTTP/1.1" 302 0
"GET /dashboard/ HTTP/1.1" 200 24845
"GET /login/ HTTP/1.1" 200 4606
"GET /static/css/theme.css HTTP/1.1" 200 18509
"POST /login/ HTTP/1.1" 302 0
"GET /dashboard/ HTTP/1.1" 200 19720
"GET /schedule/ HTTP/1.1" 200 7259
"GET /grades/ HTTP/1.1" 200 10787
"GET /homework/ HTTP/1.1" 200 23503
"GET /courses/ HTTP/1.1" 200 7053
"GET /courses/1/ HTTP/1.1" 200 16926
"GET /kpi/ HTTP/1.1" 200 9333
"GET /login/ HTTP/1.1" 200 4606
"GET /static/css/theme.css HTTP/1.1" 200 18509
"POST /login/ HTTP/1.1" 302 0
"GET /dashboard/ HTTP/1.1" 200 19720
"GET /grades/ HTTP/1.1" 200 11001
"GET /schedule/ HTTP/1.1" 200 6569
/Users/khadizh/Desktop/educenter/education/views.py changed, reloading.
Watching for file changes with StatReloader
/Users/khadizh/Desktop/educenter/education/views.py changed, reloading.
Watching for file changes with StatReloader
"GET /login/ HTTP/1.1" 200 4606
"GET /static/css/theme.css HTTP/1.1" 200 18509
"POST /login/ HTTP/1.1" 302 0
"GET /dashboard/ HTTP/1.1" 200 19720
"GET /grades/ HTTP/1.1" 200 10871
Watching for file changes with StatReloader
"GET / HTTP/1.1" 200 5579
"GET /static/css/theme.css HTTP/1.1" 200 18509
"GET /login/ HTTP/1.1" 200 4606
"POST /login/ HTTP/1.1" 200 4904
"POST /login/ HTTP/1.1" 200 4904
"POST /login/ HTTP/1.1" 302 0
"GET /dashboard/ HTTP/1.1" 200 7431
"GET /dashboard/ HTTP/1.1" 200 7151
"GET /admin/ HTTP/1.1" 200 7918
"GET /logout/ HTTP/1.1" 302 0
"GET / HTTP/1.1" 200 5846
"GET /login/ HTTP/1.1" 200 4606
"POST /login/ HTTP/1.1" 302 0
"GET /dashboard/ HTTP/1.1" 200 23829
Watching for file changes with StatReloader
"GET / HTTP/1.1" 200 7014
"GET /dashboard/ HTTP/1.1" 200 36214
"GET /mentor/lesson/4/attendance/ HTTP/1.1" 200 14407
"GET /mentor/lesson/3/attendance/ HTTP/1.1" 200 14397
"GET /dashboard/ HTTP/1.1" 200 37380
"GET /logout/ HTTP/1.1" 302 0
"GET / HTTP/1.1" 200 5846
"GET /login/ HTTP/1.1" 200 4606
"POST /login/ HTTP/1.1" 302 0
"GET /dashboard/ HTTP/1.1" 200 7431
"GET / HTTP/1.1" 200 6978
"GET /dashboard/ HTTP/1.1" 200 17212
"GET /kpi/admin/ HTTP/1.1" 200 22827
"GET /courses/ HTTP/1.1" 200 13847
"GET /grades/ HTTP/1.1" 200 114147
"GET /homework/ HTTP/1.1" 200 10340
"GET /schedule/ HTTP/1.1" 200 17374
"GET /dashboard/ HTTP/1.1" 200 17212
"GET /kpi/admin/ HTTP/1.1" 200 22827
/Users/khadizh/Desktop/educenter/education/views.py changed, reloading.
/Users/khadizh/Desktop/educenter/education/views.py changed, reloading.
Watching for file changes with StatReloader
Watching for file changes with StatReloader
/Users/khadizh/Desktop/educenter/education/views.py changed, reloading.
Watching for file changes with StatReloader
/Users/khadizh/Desktop/educenter/education/views.py changed, reloading.
Watching for file changes with StatReloader
"GET /schedule/ HTTP/1.1" 200 17374
"GET /static/css/theme.css HTTP/1.1" 304 0
"GET /dashboard/ HTTP/1.1" 200 17212
"GET /homework/ HTTP/1.1" 200 89867
"GET /grades/ HTTP/1.1" 200 114147
"GET /kpi/admin/ HTTP/1.1" 200 22717
"GET /dashboard/ HTTP/1.1" 200 17212
"GET /schedule/ HTTP/1.1" 200 17374
"GET /homework/ HTTP/1.1" 200 89867
"GET /dashboard/ HTTP/1.1" 200 17212
"GET /dashboard/ HTTP/1.1" 200 21678
"GET /dashboard/ HTTP/1.1" 200 21678
"GET /schedule/ HTTP/1.1" 200 17314
"GET /homework/ HTTP/1.1" 200 89867
"GET /grades/ HTTP/1.1" 200 114147
"GET /courses/ HTTP/1.1" 200 13818
"GET /grades/ HTTP/1.1" 200 114147
"GET /admin/ HTTP/1.1" 200 7928
"GET /admin/education/student/add/ HTTP/1.1" 200 44972
"GET /static/vendor/select2/css/select2.min.css HTTP/1.1" 200 16264
"GET /static/jazzmin/js/main.js HTTP/1.1" 200 4542
"GET /static/admin/js/prepopulate_init.js HTTP/1.1" 200 586
"GET /admin/jsi18n/ HTTP/1.1" 200 16820
"GET /static/vendor/bootstrap/js/bootstrap.bundle.min.js HTTP/1.1" 200 80721
"GET /static/vendor/adminlte/img/AdminLTELogo.png HTTP/1.1" 200 2637
"GET /static/admin/img/icon-changelink.svg HTTP/1.1" 200 380
"GET /static/admin/img/icon-viewlink.svg HTTP/1.1" 200 581
"GET /admin/education/user/ HTTP/1.1" 200 53976
"GET /static/admin/img/icon-no.svg HTTP/1.1" 200 560
"GET /static/admin/img/icon-yes.svg HTTP/1.1" 200 436
"GET /admin/jsi18n/ HTTP/1.1" 200 16820
"GET /logout/ HTTP/1.1" 302 0
"GET / HTTP/1.1" 200 5846
"GET /static/css/theme.css HTTP/1.1" 304 0
"GET /register/ HTTP/1.1" 200 6726
"GET /admin/education/student/ HTTP/1.1" 302 0
"GET /admin/login/?next=/admin/education/student/ HTTP/1.1" 200 3349
"POST /admin/login/?next=/admin/education/student/ HTTP/1.1" 302 0
"GET /admin/education/student/ HTTP/1.1" 200 49209
"GET /admin/jsi18n/ HTTP/1.1" 200 16820
"GET /admin/education/student/add/ HTTP/1.1" 200 44972
"GET /admin/jsi18n/ HTTP/1.1" 200 16820
"GET /admin/education/enrollment/ HTTP/1.1" 200 71854
"GET /admin/jsi18n/ HTTP/1.1" 200 16820
"GET /admin/education/enrollment/add/ HTTP/1.1" 200 40982
"GET /admin/jsi18n/ HTTP/1.1" 200 16820
"GET /admin/education/student/ HTTP/1.1" 200 49209
"GET /admin/jsi18n/ HTTP/1.1" 200 16820
"GET /admin/education/student/add/ HTTP/1.1" 200 44972
"GET /admin/jsi18n/ HTTP/1.1" 200 16820
"GET /admin/education/enrollment/ HTTP/1.1" 200 71854
"GET /admin/jsi18n/ HTTP/1.1" 200 16820
"GET /admin/education/enrollment/add/ HTTP/1.1" 200 40982
"GET /admin/jsi18n/ HTTP/1.1" 200 16820
/Users/khadizh/Desktop/educenter/education/models/__init__.py changed, reloading.
/Users/khadizh/Desktop/educenter/education/models/__init__.py changed, reloading.
Watching for file changes with StatReloader
Watching for file changes with StatReloader
/Users/khadizh/Desktop/educenter/education/admin.py changed, reloading.
/Users/khadizh/Desktop/educenter/education/admin.py changed, reloading.
Watching for file changes with StatReloader
Watching for file changes with StatReloader
/Users/khadizh/Desktop/educenter/education/admin.py changed, reloading.
/Users/khadizh/Desktop/educenter/education/admin.py changed, reloading.
Watching for file changes with StatReloader
Watching for file changes with StatReloader
"GET /admin/education/enrollment/add/ HTTP/1.1" 200 41465
"GET /admin/jsi18n/ HTTP/1.1" 200 16820
"GET /admin/education/group/ HTTP/1.1" 200 48411
"GET /admin/jsi18n/ HTTP/1.1" 200 16820
"GET /admin/education/lesson/ HTTP/1.1" 200 64216
"GET /admin/jsi18n/ HTTP/1.1" 200 16820
"GET /admin/education/student/ HTTP/1.1" 200 49692
"GET /admin/jsi18n/ HTTP/1.1" 200 16820
"GET /admin/education/student/add/ HTTP/1.1" 200 45455
"GET /admin/jsi18n/ HTTP/1.1" 200 16820
"GET /admin/education/schedule/ HTTP/1.1" 200 47763
"GET /admin/jsi18n/ HTTP/1.1" 200 16820
"GET /admin/education/group/ HTTP/1.1" 200 48411
"GET /admin/jsi18n/ HTTP/1.1" 200 16820
"GET /admin/education/group/add/ HTTP/1.1" 200 44671
"GET /static/admin/js/SelectBox.js HTTP/1.1" 200 4530
"GET /static/admin/js/SelectFilter2.js HTTP/1.1" 200 15845
"GET /admin/jsi18n/ HTTP/1.1" 200 16820
- Broken pipe from ('127.0.0.1', 61265)
/Users/khadizh/Desktop/educenter/education/models/group.py changed, reloading.
/Users/khadizh/Desktop/educenter/education/models/group.py changed, reloading.
Watching for file changes with StatReloader
Watching for file changes with StatReloader
/Users/khadizh/Desktop/educenter/education/models/__init__.py changed, reloading.
/Users/khadizh/Desktop/educenter/education/models/__init__.py changed, reloading.
Watching for file changes with StatReloader
Watching for file changes with StatReloader
/Users/khadizh/Desktop/educenter/education/signals.py changed, reloading.
Watching for file changes with StatReloader
/Users/khadizh/Desktop/educenter/education/signals.py changed, reloading.
Watching for file changes with StatReloader
/Users/khadizh/Desktop/educenter/education/signals.py changed, reloading.
Watching for file changes with StatReloader
/Users/khadizh/Desktop/educenter/education/signals.py changed, reloading.
Watching for file changes with StatReloader
/Users/khadizh/Desktop/educenter/education/views.py changed, reloading.
/Users/khadizh/Desktop/educenter/education/views.py changed, reloading.
Watching for file changes with StatReloader
Watching for file changes with StatReloader
/Users/khadizh/Desktop/educenter/education/views.py changed, reloading.
/Users/khadizh/Desktop/educenter/education/views.py changed, reloading.
Watching for file changes with StatReloader
Watching for file changes with StatReloader
/Users/khadizh/Desktop/educenter/education/urls.py changed, reloading.
Watching for file changes with StatReloader
/Users/khadizh/Desktop/educenter/education/urls.py changed, reloading.
Watching for file changes with StatReloader
/Users/khadizh/Desktop/educenter/education/signals.py changed, reloading.
/Users/khadizh/Desktop/educenter/education/signals.py changed, reloading.
Watching for file changes with StatReloader
Watching for file changes with StatReloader
Internal Server Error: /
Traceback (most recent call last):
  File "/Users/khadizh/Desktop/educenter/venv/lib/python3.13/site-packages/django/core/handlers/exception.py", line 55, in inner
    response = get_response(request)
  File "/Users/khadizh/Desktop/educenter/venv/lib/python3.13/site-packages/django/core/handlers/base.py", line 197, in _get_response
    response = wrapped_callback(request, *callback_args, **callback_kwargs)
  File "/Users/khadizh/Desktop/educenter/education/views.py", line 29, in home
    return render(request, 'home.html', {'announcements': announcements})
  File "/Users/khadizh/Desktop/educenter/venv/lib/python3.13/site-packages/django/shortcuts.py", line 25, in render
    content = loader.render_to_string(template_name, context, request, using=using)
  File "/Users/khadizh/Desktop/educenter/venv/lib/python3.13/site-packages/django/template/loader.py", line 62, in render_to_string
    return template.render(context, request)
           ~~~~~~~~~~~~~~~^^^^^^^^^^^^^^^^^^
  File "/Users/khadizh/Desktop/educenter/venv/lib/python3.13/site-packages/django/template/backends/django.py", line 107, in render
    return self.template.render(context)
           ~~~~~~~~~~~~~~~~~~~~^^^^^^^^^
  File "/Users/khadizh/Desktop/educenter/venv/lib/python3.13/site-packages/django/template/base.py", line 171, in render
    return self._render(context)
           ~~~~~~~~~~~~^^^^^^^^^
  File "/Users/khadizh/Desktop/educenter/venv/lib/python3.13/site-packages/django/template/base.py", line 163, in _render
    return self.nodelist.render(context)
           ~~~~~~~~~~~~~~~~~~~~^^^^^^^^^
  File "/Users/khadizh/Desktop/educenter/venv/lib/python3.13/site-packages/django/template/base.py", line 1016, in render
    return SafeString("".join([node.render_annotated(context) for node in self]))
                               ~~~~~~~~~~~~~~~~~~~~~^^^^^^^^^
  File "/Users/khadizh/Desktop/educenter/venv/lib/python3.13/site-packages/django/template/base.py", line 977, in render_annotated
    return self.render(context)
           ~~~~~~~~~~~^^^^^^^^^
  File "/Users/khadizh/Desktop/educenter/venv/lib/python3.13/site-packages/django/template/loader_tags.py", line 134, in render
    compiled_parent = self.get_parent(context)
  File "/Users/khadizh/Desktop/educenter/venv/lib/python3.13/site-packages/django/template/loader_tags.py", line 131, in get_parent
    return self.find_template(parent, context)
           ~~~~~~~~~~~~~~~~~~^^^^^^^^^^^^^^^^^
  File "/Users/khadizh/Desktop/educenter/venv/lib/python3.13/site-packages/django/template/loader_tags.py", line 109, in find_template
    template, origin = context.template.engine.find_template(
                       ~~~~~~~~~~~~~~~~~~~~~~~~~~~~~~~~~~~~~^
        template_name,
        ^^^^^^^^^^^^^^
        skip=history,
        ^^^^^^^^^^^^^
    )
    ^
  File "/Users/khadizh/Desktop/educenter/venv/lib/python3.13/site-packages/django/template/engine.py", line 159, in find_template
    template = loader.get_template(name, skip=skip)
  File "/Users/khadizh/Desktop/educenter/venv/lib/python3.13/site-packages/django/template/loaders/cached.py", line 57, in get_template
    template = super().get_template(template_name, skip)
  File "/Users/khadizh/Desktop/educenter/venv/lib/python3.13/site-packages/django/template/loaders/base.py", line 28, in get_template
    return Template(
        contents,
    ...<2 lines>...
        self.engine,
    )
  File "/Users/khadizh/Desktop/educenter/venv/lib/python3.13/site-packages/django/template/base.py", line 154, in __init__
    self.nodelist = self.compile_nodelist()
                    ~~~~~~~~~~~~~~~~~~~~~^^
  File "/Users/khadizh/Desktop/educenter/venv/lib/python3.13/site-packages/django/template/base.py", line 196, in compile_nodelist
    nodelist = parser.parse()
  File "/Users/khadizh/Desktop/educenter/venv/lib/python3.13/site-packages/django/template/base.py", line 518, in parse
    raise self.error(token, e)
  File "/Users/khadizh/Desktop/educenter/venv/lib/python3.13/site-packages/django/template/base.py", line 516, in parse
    compiled_result = compile_func(self, token)
  File "/Users/khadizh/Desktop/educenter/venv/lib/python3.13/site-packages/django/template/defaulttags.py", line 962, in do_if
    nodelist = parser.parse(("elif", "else", "endif"))
  File "/Users/khadizh/Desktop/educenter/venv/lib/python3.13/site-packages/django/template/base.py", line 518, in parse
    raise self.error(token, e)
  File "/Users/khadizh/Desktop/educenter/venv/lib/python3.13/site-packages/django/template/base.py", line 516, in parse
    compiled_result = compile_func(self, token)
  File "/Users/khadizh/Desktop/educenter/venv/lib/python3.13/site-packages/django/template/defaulttags.py", line 962, in do_if
    nodelist = parser.parse(("elif", "else", "endif"))
  File "/Users/khadizh/Desktop/educenter/venv/lib/python3.13/site-packages/django/template/base.py", line 518, in parse
    raise self.error(token, e)
  File "/Users/khadizh/Desktop/educenter/venv/lib/python3.13/site-packages/django/template/base.py", line 516, in parse
    compiled_result = compile_func(self, token)
  File "/Users/khadizh/Desktop/educenter/venv/lib/python3.13/site-packages/django/template/defaulttags.py", line 1531, in do_with
    extra_context = token_kwargs(remaining_bits, parser, support_legacy=True)
  File "/Users/khadizh/Desktop/educenter/venv/lib/python3.13/site-packages/django/template/base.py", line 1127, in token_kwargs
    kwargs[key] = parser.compile_filter(value)
                  ~~~~~~~~~~~~~~~~~~~~~^^^^^^^
  File "/Users/khadizh/Desktop/educenter/venv/lib/python3.13/site-packages/django/template/base.py", line 609, in compile_filter
    return FilterExpression(token, self)
  File "/Users/khadizh/Desktop/educenter/venv/lib/python3.13/site-packages/django/template/base.py", line 710, in __init__
    raise TemplateSyntaxError(
    ...<2 lines>...
    )
django.template.exceptions.TemplateSyntaxError: Could not parse the remainder: '(is_read=False).count' from 'user.notifications.filter(is_read=False).count'
"GET / HTTP/1.1" 500 271478
Internal Server Error: /
Traceback (most recent call last):
  File "/Users/khadizh/Desktop/educenter/venv/lib/python3.13/site-packages/django/core/handlers/exception.py", line 55, in inner
    response = get_response(request)
  File "/Users/khadizh/Desktop/educenter/venv/lib/python3.13/site-packages/django/core/handlers/base.py", line 197, in _get_response
    response = wrapped_callback(request, *callback_args, **callback_kwargs)
  File "/Users/khadizh/Desktop/educenter/education/views.py", line 29, in home
    return render(request, 'home.html', {'announcements': announcements})
  File "/Users/khadizh/Desktop/educenter/venv/lib/python3.13/site-packages/django/shortcuts.py", line 25, in render
    content = loader.render_to_string(template_name, context, request, using=using)
  File "/Users/khadizh/Desktop/educenter/venv/lib/python3.13/site-packages/django/template/loader.py", line 62, in render_to_string
    return template.render(context, request)
           ~~~~~~~~~~~~~~~^^^^^^^^^^^^^^^^^^
  File "/Users/khadizh/Desktop/educenter/venv/lib/python3.13/site-packages/django/template/backends/django.py", line 107, in render
    return self.template.render(context)
           ~~~~~~~~~~~~~~~~~~~~^^^^^^^^^
  File "/Users/khadizh/Desktop/educenter/venv/lib/python3.13/site-packages/django/template/base.py", line 171, in render
    return self._render(context)
           ~~~~~~~~~~~~^^^^^^^^^
  File "/Users/khadizh/Desktop/educenter/venv/lib/python3.13/site-packages/django/template/base.py", line 163, in _render
    return self.nodelist.render(context)
           ~~~~~~~~~~~~~~~~~~~~^^^^^^^^^
  File "/Users/khadizh/Desktop/educenter/venv/lib/python3.13/site-packages/django/template/base.py", line 1016, in render
    return SafeString("".join([node.render_annotated(context) for node in self]))
                               ~~~~~~~~~~~~~~~~~~~~~^^^^^^^^^
  File "/Users/khadizh/Desktop/educenter/venv/lib/python3.13/site-packages/django/template/base.py", line 977, in render_annotated
    return self.render(context)
           ~~~~~~~~~~~^^^^^^^^^
  File "/Users/khadizh/Desktop/educenter/venv/lib/python3.13/site-packages/django/template/loader_tags.py", line 134, in render
    compiled_parent = self.get_parent(context)
  File "/Users/khadizh/Desktop/educenter/venv/lib/python3.13/site-packages/django/template/loader_tags.py", line 131, in get_parent
    return self.find_template(parent, context)
           ~~~~~~~~~~~~~~~~~~^^^^^^^^^^^^^^^^^
  File "/Users/khadizh/Desktop/educenter/venv/lib/python3.13/site-packages/django/template/loader_tags.py", line 109, in find_template
    template, origin = context.template.engine.find_template(
                       ~~~~~~~~~~~~~~~~~~~~~~~~~~~~~~~~~~~~~^
        template_name,
        ^^^^^^^^^^^^^^
        skip=history,
        ^^^^^^^^^^^^^
    )
    ^
  File "/Users/khadizh/Desktop/educenter/venv/lib/python3.13/site-packages/django/template/engine.py", line 159, in find_template
    template = loader.get_template(name, skip=skip)
  File "/Users/khadizh/Desktop/educenter/venv/lib/python3.13/site-packages/django/template/loaders/cached.py", line 57, in get_template
    template = super().get_template(template_name, skip)
  File "/Users/khadizh/Desktop/educenter/venv/lib/python3.13/site-packages/django/template/loaders/base.py", line 28, in get_template
    return Template(
        contents,
    ...<2 lines>...
        self.engine,
    )
  File "/Users/khadizh/Desktop/educenter/venv/lib/python3.13/site-packages/django/template/base.py", line 154, in __init__
    self.nodelist = self.compile_nodelist()
                    ~~~~~~~~~~~~~~~~~~~~~^^
  File "/Users/khadizh/Desktop/educenter/venv/lib/python3.13/site-packages/django/template/base.py", line 196, in compile_nodelist
    nodelist = parser.parse()
  File "/Users/khadizh/Desktop/educenter/venv/lib/python3.13/site-packages/django/template/base.py", line 518, in parse
    raise self.error(token, e)
  File "/Users/khadizh/Desktop/educenter/venv/lib/python3.13/site-packages/django/template/base.py", line 516, in parse
    compiled_result = compile_func(self, token)
  File "/Users/khadizh/Desktop/educenter/venv/lib/python3.13/site-packages/django/template/defaulttags.py", line 962, in do_if
    nodelist = parser.parse(("elif", "else", "endif"))
  File "/Users/khadizh/Desktop/educenter/venv/lib/python3.13/site-packages/django/template/base.py", line 518, in parse
    raise self.error(token, e)
  File "/Users/khadizh/Desktop/educenter/venv/lib/python3.13/site-packages/django/template/base.py", line 516, in parse
    compiled_result = compile_func(self, token)
  File "/Users/khadizh/Desktop/educenter/venv/lib/python3.13/site-packages/django/template/defaulttags.py", line 962, in do_if
    nodelist = parser.parse(("elif", "else", "endif"))
  File "/Users/khadizh/Desktop/educenter/venv/lib/python3.13/site-packages/django/template/base.py", line 518, in parse
    raise self.error(token, e)
  File "/Users/khadizh/Desktop/educenter/venv/lib/python3.13/site-packages/django/template/base.py", line 516, in parse
    compiled_result = compile_func(self, token)
  File "/Users/khadizh/Desktop/educenter/venv/lib/python3.13/site-packages/django/template/defaulttags.py", line 1531, in do_with
    extra_context = token_kwargs(remaining_bits, parser, support_legacy=True)
  File "/Users/khadizh/Desktop/educenter/venv/lib/python3.13/site-packages/django/template/base.py", line 1127, in token_kwargs
    kwargs[key] = parser.compile_filter(value)
                  ~~~~~~~~~~~~~~~~~~~~~^^^^^^^
  File "/Users/khadizh/Desktop/educenter/venv/lib/python3.13/site-packages/django/template/base.py", line 609, in compile_filter
    return FilterExpression(token, self)
  File "/Users/khadizh/Desktop/educenter/venv/lib/python3.13/site-packages/django/template/base.py", line 710, in __init__
    raise TemplateSyntaxError(
    ...<2 lines>...
    )
django.template.exceptions.TemplateSyntaxError: Could not parse the remainder: '(is_read=False).count' from 'user.notifications.filter(is_read=False).count'
"GET / HTTP/1.1" 500 271478
Internal Server Error: /
Traceback (most recent call last):
  File "/Users/khadizh/Desktop/educenter/venv/lib/python3.13/site-packages/django/core/handlers/exception.py", line 55, in inner
    response = get_response(request)
  File "/Users/khadizh/Desktop/educenter/venv/lib/python3.13/site-packages/django/core/handlers/base.py", line 197, in _get_response
    response = wrapped_callback(request, *callback_args, **callback_kwargs)
  File "/Users/khadizh/Desktop/educenter/education/views.py", line 29, in home
    return render(request, 'home.html', {'announcements': announcements})
  File "/Users/khadizh/Desktop/educenter/venv/lib/python3.13/site-packages/django/shortcuts.py", line 25, in render
    content = loader.render_to_string(template_name, context, request, using=using)
  File "/Users/khadizh/Desktop/educenter/venv/lib/python3.13/site-packages/django/template/loader.py", line 62, in render_to_string
    return template.render(context, request)
           ~~~~~~~~~~~~~~~^^^^^^^^^^^^^^^^^^
  File "/Users/khadizh/Desktop/educenter/venv/lib/python3.13/site-packages/django/template/backends/django.py", line 107, in render
    return self.template.render(context)
           ~~~~~~~~~~~~~~~~~~~~^^^^^^^^^
  File "/Users/khadizh/Desktop/educenter/venv/lib/python3.13/site-packages/django/template/base.py", line 171, in render
    return self._render(context)
           ~~~~~~~~~~~~^^^^^^^^^
  File "/Users/khadizh/Desktop/educenter/venv/lib/python3.13/site-packages/django/template/base.py", line 163, in _render
    return self.nodelist.render(context)
           ~~~~~~~~~~~~~~~~~~~~^^^^^^^^^
  File "/Users/khadizh/Desktop/educenter/venv/lib/python3.13/site-packages/django/template/base.py", line 1016, in render
    return SafeString("".join([node.render_annotated(context) for node in self]))
                               ~~~~~~~~~~~~~~~~~~~~~^^^^^^^^^
  File "/Users/khadizh/Desktop/educenter/venv/lib/python3.13/site-packages/django/template/base.py", line 977, in render_annotated
    return self.render(context)
           ~~~~~~~~~~~^^^^^^^^^
  File "/Users/khadizh/Desktop/educenter/venv/lib/python3.13/site-packages/django/template/loader_tags.py", line 134, in render
    compiled_parent = self.get_parent(context)
  File "/Users/khadizh/Desktop/educenter/venv/lib/python3.13/site-packages/django/template/loader_tags.py", line 131, in get_parent
    return self.find_template(parent, context)
           ~~~~~~~~~~~~~~~~~~^^^^^^^^^^^^^^^^^
  File "/Users/khadizh/Desktop/educenter/venv/lib/python3.13/site-packages/django/template/loader_tags.py", line 109, in find_template
    template, origin = context.template.engine.find_template(
                       ~~~~~~~~~~~~~~~~~~~~~~~~~~~~~~~~~~~~~^
        template_name,
        ^^^^^^^^^^^^^^
        skip=history,
        ^^^^^^^^^^^^^
    )
    ^
  File "/Users/khadizh/Desktop/educenter/venv/lib/python3.13/site-packages/django/template/engine.py", line 159, in find_template
    template = loader.get_template(name, skip=skip)
  File "/Users/khadizh/Desktop/educenter/venv/lib/python3.13/site-packages/django/template/loaders/cached.py", line 57, in get_template
    template = super().get_template(template_name, skip)
  File "/Users/khadizh/Desktop/educenter/venv/lib/python3.13/site-packages/django/template/loaders/base.py", line 28, in get_template
    return Template(
        contents,
    ...<2 lines>...
        self.engine,
    )
  File "/Users/khadizh/Desktop/educenter/venv/lib/python3.13/site-packages/django/template/base.py", line 154, in __init__
    self.nodelist = self.compile_nodelist()
                    ~~~~~~~~~~~~~~~~~~~~~^^
  File "/Users/khadizh/Desktop/educenter/venv/lib/python3.13/site-packages/django/template/base.py", line 196, in compile_nodelist
    nodelist = parser.parse()
  File "/Users/khadizh/Desktop/educenter/venv/lib/python3.13/site-packages/django/template/base.py", line 518, in parse
    raise self.error(token, e)
  File "/Users/khadizh/Desktop/educenter/venv/lib/python3.13/site-packages/django/template/base.py", line 516, in parse
    compiled_result = compile_func(self, token)
  File "/Users/khadizh/Desktop/educenter/venv/lib/python3.13/site-packages/django/template/defaulttags.py", line 962, in do_if
    nodelist = parser.parse(("elif", "else", "endif"))
  File "/Users/khadizh/Desktop/educenter/venv/lib/python3.13/site-packages/django/template/base.py", line 518, in parse
    raise self.error(token, e)
  File "/Users/khadizh/Desktop/educenter/venv/lib/python3.13/site-packages/django/template/base.py", line 516, in parse
    compiled_result = compile_func(self, token)
  File "/Users/khadizh/Desktop/educenter/venv/lib/python3.13/site-packages/django/template/defaulttags.py", line 962, in do_if
    nodelist = parser.parse(("elif", "else", "endif"))
  File "/Users/khadizh/Desktop/educenter/venv/lib/python3.13/site-packages/django/template/base.py", line 518, in parse
    raise self.error(token, e)
  File "/Users/khadizh/Desktop/educenter/venv/lib/python3.13/site-packages/django/template/base.py", line 516, in parse
    compiled_result = compile_func(self, token)
  File "/Users/khadizh/Desktop/educenter/venv/lib/python3.13/site-packages/django/template/defaulttags.py", line 1531, in do_with
    extra_context = token_kwargs(remaining_bits, parser, support_legacy=True)
  File "/Users/khadizh/Desktop/educenter/venv/lib/python3.13/site-packages/django/template/base.py", line 1127, in token_kwargs
    kwargs[key] = parser.compile_filter(value)
                  ~~~~~~~~~~~~~~~~~~~~~^^^^^^^
  File "/Users/khadizh/Desktop/educenter/venv/lib/python3.13/site-packages/django/template/base.py", line 609, in compile_filter
    return FilterExpression(token, self)
  File "/Users/khadizh/Desktop/educenter/venv/lib/python3.13/site-packages/django/template/base.py", line 710, in __init__
    raise TemplateSyntaxError(
    ...<2 lines>...
    )
django.template.exceptions.TemplateSyntaxError: Could not parse the remainder: '(is_read=False).count' from 'user.notifications.filter(is_read=False).count'
"GET / HTTP/1.1" 500 271478
/Users/khadizh/Desktop/educenter/education/views.py changed, reloading.
Watching for file changes with StatReloader
/Users/khadizh/Desktop/educenter/education/views.py changed, reloading.
Watching for file changes with StatReloader
/Users/khadizh/Desktop/educenter/education/views.py changed, reloading.
Watching for file changes with StatReloader
/Users/khadizh/Desktop/educenter/education/views.py changed, reloading.
Watching for file changes with StatReloader
/Users/khadizh/Desktop/educenter/config/settings.py changed, reloading.
/Users/khadizh/Desktop/educenter/config/settings.py changed, reloading.
Watching for file changes with StatReloader
Watching for file changes with StatReloader
"GET / HTTP/1.1" 200 8895
"GET /dashboard/ HTTP/1.1" 200 23595
"GET /logout/ HTTP/1.1" 302 0
"GET / HTTP/1.1" 200 5846
"GET /login/ HTTP/1.1" 200 4606
"POST /login/ HTTP/1.1" 302 0
"GET /dashboard/ HTTP/1.1" 200 37912
"GET /mentor/lesson/4/attendance/ HTTP/1.1" 200 36126
"POST /mentor/lesson/4/attendance/ HTTP/1.1" 302 0
"GET /mentor/dashboard/ HTTP/1.1" 200 38326
"GET /mentor/lesson/5/attendance/ HTTP/1.1" 200 36128
"POST /mentor/lesson/5/attendance/ HTTP/1.1" 302 0
"GET /mentor/dashboard/ HTTP/1.1" 200 38329
"GET /mentor/lesson/3/attendance/ HTTP/1.1" 200 36116
"POST /mentor/lesson/3/attendance/ HTTP/1.1" 302 0
"GET /mentor/dashboard/ HTTP/1.1" 200 38711
"GET /mentor/lesson/2/attendance/ HTTP/1.1" 200 36132
"POST /mentor/lesson/2/attendance/ HTTP/1.1" 302 0
"GET /mentor/dashboard/ HTTP/1.1" 200 39093
"GET /homework/ HTTP/1.1" 200 32293
"GET /mentor/homework/6/submissions/ HTTP/1.1" 200 8082
"GET /mentor/homework/10/submissions/ HTTP/1.1" 200 8072
"GET /mentor/submission/2/review/ HTTP/1.1" 200 12197
"POST /mentor/submission/2/review/ HTTP/1.1" 302 0
"GET /mentor/homework/10/submissions/ HTTP/1.1" 200 8371
"GET /mentor/homework/7/submissions/ HTTP/1.1" 200 6361
"GET /mentor/homework/4/submissions/ HTTP/1.1" 200 6441
"GET / HTTP/1.1" 200 7724
"GET /static/css/theme.css HTTP/1.1" 304 0
"GET /dashboard/ HTTP/1.1" 200 37872
"GET /admin/ HTTP/1.1" 302 0
"GET /admin/login/?next=/admin/ HTTP/1.1" 200 3836
"POST /admin/login/?next=/admin/ HTTP/1.1" 302 0
"GET /admin/ HTTP/1.1" 200 9845
"GET /admin/education/student/add/ HTTP/1.1" 200 45455
"GET /admin/jsi18n/ HTTP/1.1" 200 16820
"GET /admin/education/group/ HTTP/1.1" 200 49191
"GET /admin/jsi18n/ HTTP/1.1" 200 16820
"GET /admin/education/group/5/change/ HTTP/1.1" 200 46369
"GET /admin/jsi18n/ HTTP/1.1" 200 16820
"GET /logout/ HTTP/1.1" 302 0
"GET / HTTP/1.1" 200 5846
"GET /static/css/theme.css HTTP/1.1" 200 18509
"GET /login/ HTTP/1.1" 200 4606
"POST /login/ HTTP/1.1" 302 0
"GET /dashboard/ HTTP/1.1" 200 38152
"GET /mentor/lesson/5/attendance/ HTTP/1.1" 200 36128
"GET /homework/ HTTP/1.1" 200 32264
"GET /mentor/homework/add/ HTTP/1.1" 200 7406
"GET /dashboard/ HTTP/1.1" 200 37872
"GET /schedule/ HTTP/1.1" 200 7040
"GET /schedule/ HTTP/1.1" 200 12539
"GET /homework/ HTTP/1.1" 200 32264
"GET /homework/ HTTP/1.1" 200 32264
"GET /homework/ HTTP/1.1" 200 32264
"GET /mentor/homework/6/submissions/ HTTP/1.1" 200 8082
"GET /homework/ HTTP/1.1" 200 32552
"GET /mentor/homework/6/submissions/ HTTP/1.1" 200 17269
"GET /mentor/submission/90/review/ HTTP/1.1" 200 11891
"POST /mentor/submission/90/review/ HTTP/1.1" 302 0
"GET /mentor/homework/6/submissions/ HTTP/1.1" 200 17551
"GET /grades/ HTTP/1.1" 200 115106
"GET /mentor/grade/add/ HTTP/1.1" 200 9152
"GET /grades/ HTTP/1.1" 200 115106
"GET /grades/ HTTP/1.1" 200 115106
"GET /dashboard/ HTTP/1.1" 200 54598
"GET /mentor/tests/course/1/ HTTP/1.1" 200 13529
"GET /mentor/tests/test/1/results/ HTTP/1.1" 200 5607
"GET /mentor/tests/course/1/ HTTP/1.1" 200 13529
"GET /mentor/tests/test/1/results/ HTTP/1.1" 200 20105
Internal Server Error: /tests/result/3/
Traceback (most recent call last):
  File "/Users/khadizh/Desktop/educenter/venv/lib/python3.13/site-packages/django/core/handlers/exception.py", line 55, in inner
    response = get_response(request)
  File "/Users/khadizh/Desktop/educenter/venv/lib/python3.13/site-packages/django/core/handlers/base.py", line 197, in _get_response
    response = wrapped_callback(request, *callback_args, **callback_kwargs)
  File "/Users/khadizh/Desktop/educenter/venv/lib/python3.13/site-packages/django/contrib/auth/decorators.py", line 59, in _view_wrapper
    return view_func(request, *args, **kwargs)
  File "/Users/khadizh/Desktop/educenter/education/views.py", line 1085, in test_result
    return render(request, 'tests/test_result.html', {
        'attempt': attempt,
        'student_answers': student_answers,
    })
  File "/Users/khadizh/Desktop/educenter/venv/lib/python3.13/site-packages/django/shortcuts.py", line 25, in render
    content = loader.render_to_string(template_name, context, request, using=using)
  File "/Users/khadizh/Desktop/educenter/venv/lib/python3.13/site-packages/django/template/loader.py", line 61, in render_to_string
    template = get_template(template_name, using=using)
  File "/Users/khadizh/Desktop/educenter/venv/lib/python3.13/site-packages/django/template/loader.py", line 15, in get_template
    return engine.get_template(template_name)
           ~~~~~~~~~~~~~~~~~~~^^^^^^^^^^^^^^^
  File "/Users/khadizh/Desktop/educenter/venv/lib/python3.13/site-packages/django/template/backends/django.py", line 79, in get_template
    return Template(self.engine.get_template(template_name), self)
                    ~~~~~~~~~~~~~~~~~~~~~~~~^^^^^^^^^^^^^^^
  File "/Users/khadizh/Desktop/educenter/venv/lib/python3.13/site-packages/django/template/engine.py", line 177, in get_template
    template, origin = self.find_template(template_name)
                       ~~~~~~~~~~~~~~~~~~^^^^^^^^^^^^^^^
  File "/Users/khadizh/Desktop/educenter/venv/lib/python3.13/site-packages/django/template/engine.py", line 159, in find_template
    template = loader.get_template(name, skip=skip)
  File "/Users/khadizh/Desktop/educenter/venv/lib/python3.13/site-packages/django/template/loaders/cached.py", line 57, in get_template
    template = super().get_template(template_name, skip)
  File "/Users/khadizh/Desktop/educenter/venv/lib/python3.13/site-packages/django/template/loaders/base.py", line 28, in get_template
    return Template(
        contents,
    ...<2 lines>...
        self.engine,
    )
  File "/Users/khadizh/Desktop/educenter/venv/lib/python3.13/site-packages/django/template/base.py", line 154, in __init__
    self.nodelist = self.compile_nodelist()
                    ~~~~~~~~~~~~~~~~~~~~~^^
  File "/Users/khadizh/Desktop/educenter/venv/lib/python3.13/site-packages/django/template/base.py", line 196, in compile_nodelist
    nodelist = parser.parse()
  File "/Users/khadizh/Desktop/educenter/venv/lib/python3.13/site-packages/django/template/base.py", line 518, in parse
    raise self.error(token, e)
  File "/Users/khadizh/Desktop/educenter/venv/lib/python3.13/site-packages/django/template/base.py", line 516, in parse
    compiled_result = compile_func(self, token)
  File "/Users/khadizh/Desktop/educenter/venv/lib/python3.13/site-packages/django/template/loader_tags.py", line 299, in do_extends
    nodelist = parser.parse()
  File "/Users/khadizh/Desktop/educenter/venv/lib/python3.13/site-packages/django/template/base.py", line 518, in parse
    raise self.error(token, e)
  File "/Users/khadizh/Desktop/educenter/venv/lib/python3.13/site-packages/django/template/base.py", line 516, in parse
    compiled_result = compile_func(self, token)
  File "/Users/khadizh/Desktop/educenter/venv/lib/python3.13/site-packages/django/template/loader_tags.py", line 234, in do_block
    nodelist = parser.parse(("endblock",))
  File "/Users/khadizh/Desktop/educenter/venv/lib/python3.13/site-packages/django/template/base.py", line 518, in parse
    raise self.error(token, e)
  File "/Users/khadizh/Desktop/educenter/venv/lib/python3.13/site-packages/django/template/base.py", line 516, in parse
    compiled_result = compile_func(self, token)
  File "/Users/khadizh/Desktop/educenter/venv/lib/python3.13/site-packages/django/template/defaulttags.py", line 862, in do_for
    nodelist_loop = parser.parse(
        (
    ...<2 lines>...
        )
    )
  File "/Users/khadizh/Desktop/educenter/venv/lib/python3.13/site-packages/django/template/base.py", line 518, in parse
    raise self.error(token, e)
  File "/Users/khadizh/Desktop/educenter/venv/lib/python3.13/site-packages/django/template/base.py", line 516, in parse
    compiled_result = compile_func(self, token)
  File "/Users/khadizh/Desktop/educenter/venv/lib/python3.13/site-packages/django/template/defaulttags.py", line 862, in do_for
    nodelist_loop = parser.parse(
        (
    ...<2 lines>...
        )
    )
  File "/Users/khadizh/Desktop/educenter/venv/lib/python3.13/site-packages/django/template/base.py", line 518, in parse
    raise self.error(token, e)
  File "/Users/khadizh/Desktop/educenter/venv/lib/python3.13/site-packages/django/template/base.py", line 516, in parse
    compiled_result = compile_func(self, token)
  File "/Users/khadizh/Desktop/educenter/venv/lib/python3.13/site-packages/django/template/defaulttags.py", line 1537, in do_with
    raise TemplateSyntaxError(
        "%r received an invalid token: %r" % (bits[0], remaining_bits[0])
    )
django.template.exceptions.TemplateSyntaxError: 'with' received an invalid token: 'in'
"GET /tests/result/3/ HTTP/1.1" 500 244241
Internal Server Error: /tests/result/3/
Traceback (most recent call last):
  File "/Users/khadizh/Desktop/educenter/venv/lib/python3.13/site-packages/django/core/handlers/exception.py", line 55, in inner
    response = get_response(request)
  File "/Users/khadizh/Desktop/educenter/venv/lib/python3.13/site-packages/django/core/handlers/base.py", line 197, in _get_response
    response = wrapped_callback(request, *callback_args, **callback_kwargs)
  File "/Users/khadizh/Desktop/educenter/venv/lib/python3.13/site-packages/django/contrib/auth/decorators.py", line 59, in _view_wrapper
    return view_func(request, *args, **kwargs)
  File "/Users/khadizh/Desktop/educenter/education/views.py", line 1085, in test_result
    return render(request, 'tests/test_result.html', {
        'attempt': attempt,
        'student_answers': student_answers,
    })
  File "/Users/khadizh/Desktop/educenter/venv/lib/python3.13/site-packages/django/shortcuts.py", line 25, in render
    content = loader.render_to_string(template_name, context, request, using=using)
  File "/Users/khadizh/Desktop/educenter/venv/lib/python3.13/site-packages/django/template/loader.py", line 61, in render_to_string
    template = get_template(template_name, using=using)
  File "/Users/khadizh/Desktop/educenter/venv/lib/python3.13/site-packages/django/template/loader.py", line 15, in get_template
    return engine.get_template(template_name)
           ~~~~~~~~~~~~~~~~~~~^^^^^^^^^^^^^^^
  File "/Users/khadizh/Desktop/educenter/venv/lib/python3.13/site-packages/django/template/backends/django.py", line 79, in get_template
    return Template(self.engine.get_template(template_name), self)
                    ~~~~~~~~~~~~~~~~~~~~~~~~^^^^^^^^^^^^^^^
  File "/Users/khadizh/Desktop/educenter/venv/lib/python3.13/site-packages/django/template/engine.py", line 177, in get_template
    template, origin = self.find_template(template_name)
                       ~~~~~~~~~~~~~~~~~~^^^^^^^^^^^^^^^
  File "/Users/khadizh/Desktop/educenter/venv/lib/python3.13/site-packages/django/template/engine.py", line 159, in find_template
    template = loader.get_template(name, skip=skip)
  File "/Users/khadizh/Desktop/educenter/venv/lib/python3.13/site-packages/django/template/loaders/cached.py", line 57, in get_template
    template = super().get_template(template_name, skip)
  File "/Users/khadizh/Desktop/educenter/venv/lib/python3.13/site-packages/django/template/loaders/base.py", line 28, in get_template
    return Template(
        contents,
    ...<2 lines>...
        self.engine,
    )
  File "/Users/khadizh/Desktop/educenter/venv/lib/python3.13/site-packages/django/template/base.py", line 154, in __init__
    self.nodelist = self.compile_nodelist()
                    ~~~~~~~~~~~~~~~~~~~~~^^
  File "/Users/khadizh/Desktop/educenter/venv/lib/python3.13/site-packages/django/template/base.py", line 196, in compile_nodelist
    nodelist = parser.parse()
  File "/Users/khadizh/Desktop/educenter/venv/lib/python3.13/site-packages/django/template/base.py", line 518, in parse
    raise self.error(token, e)
  File "/Users/khadizh/Desktop/educenter/venv/lib/python3.13/site-packages/django/template/base.py", line 516, in parse
    compiled_result = compile_func(self, token)
  File "/Users/khadizh/Desktop/educenter/venv/lib/python3.13/site-packages/django/template/loader_tags.py", line 299, in do_extends
    nodelist = parser.parse()
  File "/Users/khadizh/Desktop/educenter/venv/lib/python3.13/site-packages/django/template/base.py", line 518, in parse
    raise self.error(token, e)
  File "/Users/khadizh/Desktop/educenter/venv/lib/python3.13/site-packages/django/template/base.py", line 516, in parse
    compiled_result = compile_func(self, token)
  File "/Users/khadizh/Desktop/educenter/venv/lib/python3.13/site-packages/django/template/loader_tags.py", line 234, in do_block
    nodelist = parser.parse(("endblock",))
  File "/Users/khadizh/Desktop/educenter/venv/lib/python3.13/site-packages/django/template/base.py", line 518, in parse
    raise self.error(token, e)
  File "/Users/khadizh/Desktop/educenter/venv/lib/python3.13/site-packages/django/template/base.py", line 516, in parse
    compiled_result = compile_func(self, token)
  File "/Users/khadizh/Desktop/educenter/venv/lib/python3.13/site-packages/django/template/defaulttags.py", line 862, in do_for
    nodelist_loop = parser.parse(
        (
    ...<2 lines>...
        )
    )
  File "/Users/khadizh/Desktop/educenter/venv/lib/python3.13/site-packages/django/template/base.py", line 518, in parse
    raise self.error(token, e)
  File "/Users/khadizh/Desktop/educenter/venv/lib/python3.13/site-packages/django/template/base.py", line 516, in parse
    compiled_result = compile_func(self, token)
  File "/Users/khadizh/Desktop/educenter/venv/lib/python3.13/site-packages/django/template/defaulttags.py", line 862, in do_for
    nodelist_loop = parser.parse(
        (
    ...<2 lines>...
        )
    )
  File "/Users/khadizh/Desktop/educenter/venv/lib/python3.13/site-packages/django/template/base.py", line 518, in parse
    raise self.error(token, e)
  File "/Users/khadizh/Desktop/educenter/venv/lib/python3.13/site-packages/django/template/base.py", line 516, in parse
    compiled_result = compile_func(self, token)
  File "/Users/khadizh/Desktop/educenter/venv/lib/python3.13/site-packages/django/template/defaulttags.py", line 1537, in do_with
    raise TemplateSyntaxError(
        "%r received an invalid token: %r" % (bits[0], remaining_bits[0])
    )
django.template.exceptions.TemplateSyntaxError: 'with' received an invalid token: 'in'
"GET /tests/result/3/ HTTP/1.1" 500 244234
Internal Server Error: /tests/result/3/
Traceback (most recent call last):
  File "/Users/khadizh/Desktop/educenter/venv/lib/python3.13/site-packages/django/core/handlers/exception.py", line 55, in inner
    response = get_response(request)
  File "/Users/khadizh/Desktop/educenter/venv/lib/python3.13/site-packages/django/core/handlers/base.py", line 197, in _get_response
    response = wrapped_callback(request, *callback_args, **callback_kwargs)
  File "/Users/khadizh/Desktop/educenter/venv/lib/python3.13/site-packages/django/contrib/auth/decorators.py", line 59, in _view_wrapper
    return view_func(request, *args, **kwargs)
  File "/Users/khadizh/Desktop/educenter/education/views.py", line 1085, in test_result
    return render(request, 'tests/test_result.html', {
        'attempt': attempt,
        'student_answers': student_answers,
    })
  File "/Users/khadizh/Desktop/educenter/venv/lib/python3.13/site-packages/django/shortcuts.py", line 25, in render
    content = loader.render_to_string(template_name, context, request, using=using)
  File "/Users/khadizh/Desktop/educenter/venv/lib/python3.13/site-packages/django/template/loader.py", line 61, in render_to_string
    template = get_template(template_name, using=using)
  File "/Users/khadizh/Desktop/educenter/venv/lib/python3.13/site-packages/django/template/loader.py", line 15, in get_template
    return engine.get_template(template_name)
           ~~~~~~~~~~~~~~~~~~~^^^^^^^^^^^^^^^
  File "/Users/khadizh/Desktop/educenter/venv/lib/python3.13/site-packages/django/template/backends/django.py", line 79, in get_template
    return Template(self.engine.get_template(template_name), self)
                    ~~~~~~~~~~~~~~~~~~~~~~~~^^^^^^^^^^^^^^^
  File "/Users/khadizh/Desktop/educenter/venv/lib/python3.13/site-packages/django/template/engine.py", line 177, in get_template
    template, origin = self.find_template(template_name)
                       ~~~~~~~~~~~~~~~~~~^^^^^^^^^^^^^^^
  File "/Users/khadizh/Desktop/educenter/venv/lib/python3.13/site-packages/django/template/engine.py", line 159, in find_template
    template = loader.get_template(name, skip=skip)
  File "/Users/khadizh/Desktop/educenter/venv/lib/python3.13/site-packages/django/template/loaders/cached.py", line 57, in get_template
    template = super().get_template(template_name, skip)
  File "/Users/khadizh/Desktop/educenter/venv/lib/python3.13/site-packages/django/template/loaders/base.py", line 28, in get_template
    return Template(
        contents,
    ...<2 lines>...
        self.engine,
    )
  File "/Users/khadizh/Desktop/educenter/venv/lib/python3.13/site-packages/django/template/base.py", line 154, in __init__
    self.nodelist = self.compile_nodelist()
                    ~~~~~~~~~~~~~~~~~~~~~^^
  File "/Users/khadizh/Desktop/educenter/venv/lib/python3.13/site-packages/django/template/base.py", line 196, in compile_nodelist
    nodelist = parser.parse()
  File "/Users/khadizh/Desktop/educenter/venv/lib/python3.13/site-packages/django/template/base.py", line 518, in parse
    raise self.error(token, e)
  File "/Users/khadizh/Desktop/educenter/venv/lib/python3.13/site-packages/django/template/base.py", line 516, in parse
    compiled_result = compile_func(self, token)
  File "/Users/khadizh/Desktop/educenter/venv/lib/python3.13/site-packages/django/template/loader_tags.py", line 299, in do_extends
    nodelist = parser.parse()
  File "/Users/khadizh/Desktop/educenter/venv/lib/python3.13/site-packages/django/template/base.py", line 518, in parse
    raise self.error(token, e)
  File "/Users/khadizh/Desktop/educenter/venv/lib/python3.13/site-packages/django/template/base.py", line 516, in parse
    compiled_result = compile_func(self, token)
  File "/Users/khadizh/Desktop/educenter/venv/lib/python3.13/site-packages/django/template/loader_tags.py", line 234, in do_block
    nodelist = parser.parse(("endblock",))
  File "/Users/khadizh/Desktop/educenter/venv/lib/python3.13/site-packages/django/template/base.py", line 518, in parse
    raise self.error(token, e)
  File "/Users/khadizh/Desktop/educenter/venv/lib/python3.13/site-packages/django/template/base.py", line 516, in parse
    compiled_result = compile_func(self, token)
  File "/Users/khadizh/Desktop/educenter/venv/lib/python3.13/site-packages/django/template/defaulttags.py", line 862, in do_for
    nodelist_loop = parser.parse(
        (
    ...<2 lines>...
        )
    )
  File "/Users/khadizh/Desktop/educenter/venv/lib/python3.13/site-packages/django/template/base.py", line 518, in parse
    raise self.error(token, e)
  File "/Users/khadizh/Desktop/educenter/venv/lib/python3.13/site-packages/django/template/base.py", line 516, in parse
    compiled_result = compile_func(self, token)
  File "/Users/khadizh/Desktop/educenter/venv/lib/python3.13/site-packages/django/template/defaulttags.py", line 862, in do_for
    nodelist_loop = parser.parse(
        (
    ...<2 lines>...
        )
    )
  File "/Users/khadizh/Desktop/educenter/venv/lib/python3.13/site-packages/django/template/base.py", line 518, in parse
    raise self.error(token, e)
  File "/Users/khadizh/Desktop/educenter/venv/lib/python3.13/site-packages/django/template/base.py", line 516, in parse
    compiled_result = compile_func(self, token)
  File "/Users/khadizh/Desktop/educenter/venv/lib/python3.13/site-packages/django/template/defaulttags.py", line 1537, in do_with
    raise TemplateSyntaxError(
        "%r received an invalid token: %r" % (bits[0], remaining_bits[0])
    )
django.template.exceptions.TemplateSyntaxError: 'with' received an invalid token: 'in'
"GET /tests/result/3/ HTTP/1.1" 500 244241
/Users/khadizh/Desktop/educenter/education/views.py changed, reloading.
/Users/khadizh/Desktop/educenter/education/views.py changed, reloading.
Watching for file changes with StatReloader
Watching for file changes with StatReloader
"GET /tests/result/3/ HTTP/1.1" 200 15361
"GET /tests/result/6/ HTTP/1.1" 200 15363
"GET /tests/result/7/ HTTP/1.1" 200 15361
"GET /mentor/tests/test/1/results/ HTTP/1.1" 200 20033
"GET /mentor/tests/test/1/results/ HTTP/1.1" 200 20033
/Users/khadizh/Desktop/educenter/education/views.py changed, reloading.
/Users/khadizh/Desktop/educenter/education/views.py changed, reloading.
Watching for file changes with StatReloader
Watching for file changes with StatReloader
"GET /mentor/tests/test/1/results/ HTTP/1.1" 200 20033
"GET /mentor/tests/test/1/results/ HTTP/1.1" 200 20033
"GET /tests/result/3/ HTTP/1.1" 200 15356
/Users/khadizh/Desktop/educenter/education/views.py changed, reloading.
Watching for file changes with StatReloader
/Users/khadizh/Desktop/educenter/education/views.py changed, reloading.
Watching for file changes with StatReloader
/Users/khadizh/Desktop/educenter/education/views.py changed, reloading.
Watching for file changes with StatReloader
/Users/khadizh/Desktop/educenter/education/views.py changed, reloading.
Watching for file changes with StatReloader
"GET /mentor/tests/test/1/results/ HTTP/1.1" 200 20033
Not Found: /apple-touch-icon-precomposed.png
"GET /apple-touch-icon-precomposed.png HTTP/1.1" 404 13352
Not Found: /favicon.ico
"GET /favicon.ico HTTP/1.1" 404 13289
Not Found: /apple-touch-icon.png
"GET /apple-touch-icon.png HTTP/1.1" 404 13316
/Users/khadizh/Desktop/educenter/education/views.py changed, reloading.
/Users/khadizh/Desktop/educenter/education/views.py changed, reloading.
Watching for file changes with StatReloader
Watching for file changes with StatReloader
"GET /mentor/tests/test/1/results/ HTTP/1.1" 200 20117
"GET /mentor/tests/test/1/results/ HTTP/1.1" 200 20117
"GET /tests/result/3/ HTTP/1.1" 200 15256
"GET /tests/result/3/ HTTP/1.1" 200 15256
"GET /logout/ HTTP/1.1" 302 0
"GET / HTTP/1.1" 200 5846
"GET /login/ HTTP/1.1" 200 4606
"POST /login/ HTTP/1.1" 302 0
"GET /dashboard/ HTTP/1.1" 200 30720
"GET /schedule/ HTTP/1.1" 200 21973
"GET /homework/ HTTP/1.1" 200 42016
"GET /grades/ HTTP/1.1" 200 22152
"GET /courses/ HTTP/1.1" 200 14115
"GET /courses/4/ HTTP/1.1" 200 24028
"GET /dashboard/ HTTP/1.1" 200 30440
"GET /schedule/ HTTP/1.1" 200 21973
"GET /homework/ HTTP/1.1" 200 42016
"GET /dashboard/ HTTP/1.1" 200 30440
"GET /static/css/theme.css HTTP/1.1" 304 0
"GET /homework/ HTTP/1.1" 200 42016
"GET /homework/ HTTP/1.1" 200 42016
"GET /homework/ HTTP/1.1" 200 43822
"GET /homework/ HTTP/1.1" 200 45708
"GET /homework/submit/22/ HTTP/1.1" 200 8658
"GET /grades/ HTTP/1.1" 200 22152
"GET /homework/ HTTP/1.1" 200 45708
"GET /kpi/ HTTP/1.1" 200 9365
"GET /kpi/ HTTP/1.1" 200 9348
"GET /tests/my/ HTTP/1.1" 200 10232
"GET /tests/result/31/ HTTP/1.1" 200 12436
"GET /grades/ HTTP/1.1" 200 22152
"GET /static/css/theme.css HTTP/1.1" 304 0
"GET /homework/ HTTP/1.1" 200 45708
"GET /schedule/ HTTP/1.1" 200 21973
"GET /dashboard/ HTTP/1.1" 200 30422
"GET /kpi/ HTTP/1.1" 200 9348
"GET /tests/my/ HTTP/1.1" 200 10232
"GET /kpi/ HTTP/1.1" 200 9348
"GET /logout/ HTTP/1.1" 302 0
"GET / HTTP/1.1" 200 5846
"GET /login/ HTTP/1.1" 200 4606
"POST /login/ HTTP/1.1" 302 0
"GET /dashboard/ HTTP/1.1" 200 41395
"GET /schedule/ HTTP/1.1" 200 21723
"GET /homework/ HTTP/1.1" 200 73936
"GET /grades/ HTTP/1.1" 200 41258
"GET /courses/ HTTP/1.1" 200 13865
"GET /dashboard/ HTTP/1.1" 200 41115
"GET /homework/ HTTP/1.1" 200 73936
"GET /grades/ HTTP/1.1" 200 41258
"GET /courses/ HTTP/1.1" 200 13865
"GET /kpi/ HTTP/1.1" 200 10839
/Users/khadizh/Desktop/educenter/config/settings.py changed, reloading.
/Users/khadizh/Desktop/educenter/config/settings.py changed, reloading.
Watching for file changes with StatReloader
Watching for file changes with StatReloader
/Users/khadizh/Desktop/educenter/config/settings.py changed, reloading.
/Users/khadizh/Desktop/educenter/config/settings.py changed, reloading.
Watching for file changes with StatReloader
Watching for file changes with StatReloader
/Users/khadizh/Desktop/educenter/config/urls.py changed, reloading.
Watching for file changes with StatReloader
/Users/khadizh/Desktop/educenter/education/api/serializers.py changed, reloading.
Watching for file changes with StatReloader
/Users/khadizh/Desktop/educenter/education/api/serializers.py changed, reloading.
Watching for file changes with StatReloader
/Users/khadizh/Desktop/educenter/education/api/views.py changed, reloading.
Watching for file changes with StatReloader
/Users/khadizh/Desktop/educenter/education/api/views.py changed, reloading.
Watching for file changes with StatReloader
/Users/khadizh/Desktop/educenter/education/api/views.py changed, reloading.
Watching for file changes with StatReloader
/Users/khadizh/Desktop/educenter/education/api/views.py changed, reloading.
Watching for file changes with StatReloader
/Users/khadizh/Desktop/educenter/education/api/serializers.py changed, reloading.
Watching for file changes with StatReloader
/Users/khadizh/Desktop/educenter/config/settings.py changed, reloading.
Watching for file changes with StatReloader
/Users/khadizh/Desktop/educenter/config/settings.py changed, reloading.
Watching for file changes with StatReloader
/Users/khadizh/Desktop/educenter/education/models/student.py changed, reloading.
Watching for file changes with StatReloader
Watching for file changes with StatReloader
Watching for file changes with StatReloader
Watching for file changes with StatReloader
Watching for file changes with StatReloader
"GET / HTTP/1.1" 200 5579
"GET /static/css/theme.css HTTP/1.1" 304 0
Not Found: /favicon.ico
"GET /favicon.ico HTTP/1.1" 404 14477
Not Found: /apple-touch-icon-precomposed.png
Not Found: /apple-touch-icon.png
"GET /apple-touch-icon-precomposed.png HTTP/1.1" 404 14540
Not Found: /favicon.ico
"GET /apple-touch-icon.png HTTP/1.1" 404 14504
"GET /favicon.ico HTTP/1.1" 404 14477
"GET /login/ HTTP/1.1" 200 4606
"POST /login/ HTTP/1.1" 302 0
"GET /dashboard/ HTTP/1.1" 200 25164
"GET /kpi/ HTTP/1.1" 200 9348
"GET /grades/ HTTP/1.1" 200 22152
